latitude,longitude,level
-23.702016,-46.645258,4.0
-23.701536,-46.645345,4.0
-23.701378,-46.645391,4.0
-23.701307,-46.645429,4.0
-23.701254,-46.645456,4.0
-23.700875,-46.645754,4.0
-23.700449,-46.646087,4.0
-23.700448,-46.646087,4.0
-23.700011,-46.646415,4.0
-23.699892,-46.646504,4.0
-23.699869,-46.646522,4.0
-23.699655,-46.646699,4.0
-23.699386,-46.647008,4.0
-23.699032,-46.647417,4.0
-23.698935,-46.647513,4.0
-23.698759,-46.647647,4.0
-23.698578,-46.647753,4.0
-23.698578,-46.647752,4.0
-23.698124,-46.648026,4.0
-23.697878,-46.648158,4.0
-23.69777,-46.64824,4.0
-23.69765,-46.64838,4.0
-23.697354,-46.648866,4.0
-23.69723,-46.649092,4.0
-23.697083,-46.6493,4.0
-23.696865,-46.649483,4.0
-23.696591,-46.649663,4.0
-23.69623,-46.649929,4.0
-23.696134,-46.650019,4.0
-23.696017,-46.650196,4.0
,,
-23.732925,-46.698216,4
-23.73311,-46.698258,4
-23.733177,-46.698261,4
-23.733249,-46.698232,4
-23.733278,-46.698187,4
-23.733322,-46.698081,4
-23.73336,-46.6979,4
-23.733356,-46.697807,4
-23.733266,-46.697332,4
-23.733258,-46.697147,4
-23.73329,-46.69689,4
-23.733343,-46.696714,4
-23.733424,-46.696555,4
-23.733552,-46.696411,4
-23.733641,-46.696346,4
-23.733759,-46.696278,4
-23.734059,-46.696174,4
-23.73452,-46.696084,4
-23.734708,-46.696018,4
-23.734874,-46.695909,4
-23.734972,-46.695824,4
-23.735197,-46.695572,4
-23.735318,-46.695436,4
-23.736041,-46.694627,4
,,
-23.669202,-46.711999,3
-23.668934,-46.711993,3
-23.667977,-46.711954,3
-23.666133,-46.71185,3
-23.66605,-46.711663,3
-23.666016,-46.711635,3
-23.665965,-46.711617,3
-23.665825,-46.711602,3
-23.665723,-46.71149,3
,,
-23.673305,-46.712162,3
-23.672989,-46.71215,3
-23.672714,-46.712138,3
-23.671329,-46.712075,3
-23.669971,-46.712016,3
,,
-23.64726,-46.72767,3
-23.648071,-46.727476,3
-23.648752,-46.727433,3
-23.649108,-46.727369,3
-23.649667,-46.727023,3
-23.649959,-46.7268,3
-23.650105,-46.726687,3
-23.650358,-46.726521,3
-23.650558,-46.726389,3
-23.650715,-46.726286,3
-23.651485,-46.725909,3
-23.65241,-46.725455,3
-23.652556,-46.725408,3
-23.653144,-46.725118,3
-23.653475,-46.724965,3
-23.65395,-46.724713,3
-23.654161,-46.724633,3
-23.654455,-46.724496,3
-23.655062,-46.724371,3
-23.655206,-46.724357,3
-23.655403,-46.724337,3
-23.655551,-46.724346,3
-23.655718,-46.724356,3
-23.655801,-46.724376,3
-23.656503,-46.724524,3
-23.6618,-46.725899,3
-23.662369,-46.726123,3
-23.662642,-46.726327,3
-23.662838,-46.726496,3
-23.6631,-46.72659,3
-23.663181,-46.7266,3
-23.663442,-46.726632,3
,,
-23.70886,-46.688958,3
-23.709214,-46.689016,3
-23.709746,-46.689214,3
-23.709882,-46.689242,3
-23.710023,-46.689192,3
-23.710558,-46.688874,3
-23.710662,-46.688863,3
-23.710783,-46.688883,3
-23.711325,-46.689029,3
-23.712972,-46.689471,3
,,
-23.652673,-46.711598,3
-23.652264,-46.708732,3
,,
-23.65881,-46.666332,3
-23.659354,-46.665801,3
-23.659874,-46.665206,3
-23.660058,-46.664973,3
-23.66017,-46.664841,3
-23.660169,-46.664841,3
-23.660823,-46.664085,3
,,
-23.663246,-46.728018,3
-23.66329,-46.728283,3
-23.663499,-46.728731,3
-23.663668,-46.72941,3
-23.663877,-46.730216,3
-23.66405,-46.730634,3
-23.664179,-46.73086,3
-23.664444,-46.731174,3
-23.665037,-46.731822,3
-23.665573,-46.732449,3
-23.665913,-46.732991,3
-23.666521,-46.733985,3
-23.666712,-46.734321,3
-23.666753,-46.734411,3
-23.666823,-46.734612,3
-23.666849,-46.734722,3
-23.666908,-46.735206,3
-23.666953,-46.73542,3
-23.666982,-46.735528,3
-23.667039,-46.735667,3
-23.6671,-46.735812,3
-23.667346,-46.736292,3
-23.667659,-46.737187,3
-23.667932,-46.737854,3
,,
-23.652657,-46.68815,3
-23.652776,-46.688314,3
-23.653037,-46.688674,3
-23.653287,-46.689019,3
-23.65356,-46.689539,3
-23.653621,-46.68959,3
-23.653683,-46.689692,3
-23.65374,-46.689783,3
-23.653791,-46.689866,3
-23.653925,-46.690084,3
-23.654295,-46.690686,3
-23.654541,-46.691086,3
-23.654727,-46.69139,3
-23.654822,-46.691546,3
-23.655099,-46.691985,3
-23.655224,-46.692193,3
-23.655436,-46.692532,3
-23.65559,-46.692789,3
-23.655765,-46.693077,3
-23.656152,-46.693742,3
,,
-23.682196,-46.63641,3
-23.681742,-46.637196,3
-23.681668,-46.637318,3
-23.681446,-46.637686,3
-23.681288,-46.637948,3
-23.681142,-46.638188,3
-23.681143,-46.638189,3
-23.680867,-46.638625,3
-23.680651,-46.638874,3
-23.680507,-46.639022,3
-23.680261,-46.639246,3
-23.679533,-46.639859,3
-23.679317,-46.64005,3
-23.679316,-46.64005,3
-23.678324,-46.64088,3
-23.678018,-46.641108,3
-23.677828,-46.641225,3
,,
-23.751233,-46.688253,3
-23.750743,-46.68825,3
-23.750565,-46.688214,3
-23.750397,-46.688152,3
-23.750227,-46.688055,3
-23.75009,-46.687973,3
-23.749854,-46.687833,3
-23.749697,-46.687739,3
-23.749599,-46.687689,3
-23.749294,-46.687551,3
-23.748993,-46.687478,3
-23.74877,-46.687509,3
-23.748567,-46.687531,3
-23.748008,-46.687626,3
-23.747181,-46.68778,3
-23.746917,-46.687884,3
-23.74647,-46.688194,3
-23.74626,-46.688346,3
-23.746225,-46.688382,3
-23.746105,-46.688508,3
-23.745755,-46.688905,3
-23.745738,-46.688926,3
-23.745299,-46.689484,3
-23.74494,-46.689951,3
-23.74491,-46.689989,3
-23.744692,-46.690264,3
-23.744292,-46.690695,3
-23.744076,-46.690924,3
-23.744015,-46.690985,3
-23.743995,-46.691006,3
-23.74363,-46.691376,3
-23.743615,-46.691392,3
-23.743565,-46.691442,3
-23.743307,-46.691629,3
-23.743078,-46.691746,3
-23.742479,-46.691936,3
-23.742132,-46.691912,3
-23.741984,-46.691887,3
-23.740924,-46.69152,3
-23.740475,-46.691462,3
-23.740149,-46.691434,3
-23.739967,-46.691468,3
-23.7394,-46.691578,3
-23.739177,-46.691628,3
-23.738701,-46.691776,3
-23.738609,-46.69182,3
-23.738512,-46.691888,3
-23.738372,-46.692027,3
-23.738184,-46.692231,3
-23.737317,-46.693203,3
-23.737318,-46.693203,3
-23.736956,-46.693618,3
-23.736355,-46.694277,3
-23.736041,-46.694627,3
-23.735318,-46.695436,3
,,
-23.674365,-46.642766,3
-23.674038,-46.642964,3
-23.67366,-46.643235,3
-23.673279,-46.64356,3
-23.673171,-46.643669,3
-23.672878,-46.644001,3
-23.672503,-46.644536,3
-23.671989,-46.645236,3
,,
-23.654866,-46.706841,3
-23.654615,-46.707232,3
-23.654458,-46.707465,3
-23.653945,-46.707545,3
-23.653483,-46.707617,3
-23.653142,-46.70767,3
-23.652136,-46.707845,3
,,
-23.659095,-46.765802,3
-23.65897,-46.765611,3
-23.658918,-46.765531,3
-23.658753,-46.76529,3
-23.658549,-46.765069,3
-23.657879,-46.764495,3
-23.657277,-46.763998,3
-23.65711,-46.763849,3
-23.656935,-46.763668,3
-23.65651,-46.763144,3
-23.656339,-46.762886,3
-23.656147,-46.762508,3
,,
-23.652447,-46.701795,3
-23.653103,-46.701724,3
-23.653418,-46.701697,3
-23.654188,-46.701668,3
-23.65436,-46.701684,3
-23.654946,-46.701639,3
-23.655097,-46.701583,3
-23.655587,-46.701459,3
-23.656263,-46.701247,3
-23.65732,-46.70098,3
,,
-23.702016,-46.645258,4.0
-23.701536,-46.645345,4.0
-23.701378,-46.645391,4.0
-23.701307,-46.645429,4.0
-23.701254,-46.645456,4.0
-23.700875,-46.645754,4.0
-23.700449,-46.646087,4.0
-23.700448,-46.646087,4.0
-23.700011,-46.646415,4.0
-23.699892,-46.646504,4.0
-23.699869,-46.646522,4.0
-23.699655,-46.646699,4.0
-23.699386,-46.647008,4.0
-23.699032,-46.647417,4.0
-23.698935,-46.647513,4.0
-23.698759,-46.647647,4.0
-23.698578,-46.647753,4.0
-23.698578,-46.647752,4.0
-23.698124,-46.648026,4.0
-23.697878,-46.648158,4.0
-23.69777,-46.64824,4.0
-23.69765,-46.64838,4.0
-23.697354,-46.648866,4.0
-23.69723,-46.649092,4.0
-23.697083,-46.6493,4.0
-23.696865,-46.649483,4.0
-23.696591,-46.649663,4.0
-23.69623,-46.649929,4.0
-23.696134,-46.650019,4.0
-23.696017,-46.650196,4.0
,,
-23.732925,-46.698216,4
-23.73311,-46.698258,4
-23.733177,-46.698261,4
-23.733249,-46.698232,4
-23.733278,-46.698187,4
-23.733322,-46.698081,4
-23.73336,-46.6979,4
-23.733356,-46.697807,4
-23.733266,-46.697332,4
-23.733258,-46.697147,4
-23.73329,-46.69689,4
-23.733343,-46.696714,4
-23.733424,-46.696555,4
-23.733552,-46.696411,4
-23.733641,-46.696346,4
-23.733759,-46.696278,4
-23.734059,-46.696174,4
-23.73452,-46.696084,4
-23.734708,-46.696018,4
-23.734874,-46.695909,4
-23.734972,-46.695824,4
-23.735197,-46.695572,4
-23.735318,-46.695436,4
-23.736041,-46.694627,4
,,
-23.669202,-46.711999,3
-23.668934,-46.711993,3
-23.667977,-46.711954,3
-23.666133,-46.71185,3
-23.66605,-46.711663,3
-23.666016,-46.711635,3
-23.665965,-46.711617,3
-23.665825,-46.711602,3
-23.665723,-46.71149,3
,,
-23.673305,-46.712162,3
-23.672989,-46.71215,3
-23.672714,-46.712138,3
-23.671329,-46.712075,3
-23.669971,-46.712016,3
,,
-23.64726,-46.72767,3
-23.648071,-46.727476,3
-23.648752,-46.727433,3
-23.649108,-46.727369,3
-23.649667,-46.727023,3
-23.649959,-46.7268,3
-23.650105,-46.726687,3
-23.650358,-46.726521,3
-23.650558,-46.726389,3
-23.650715,-46.726286,3
-23.651485,-46.725909,3
-23.65241,-46.725455,3
-23.652556,-46.725408,3
-23.653144,-46.725118,3
-23.653475,-46.724965,3
-23.65395,-46.724713,3
-23.654161,-46.724633,3
-23.654455,-46.724496,3
-23.655062,-46.724371,3
-23.655206,-46.724357,3
-23.655403,-46.724337,3
-23.655551,-46.724346,3
-23.655718,-46.724356,3
-23.655801,-46.724376,3
-23.656503,-46.724524,3
-23.6618,-46.725899,3
-23.662369,-46.726123,3
-23.662642,-46.726327,3
-23.662838,-46.726496,3
-23.6631,-46.72659,3
-23.663181,-46.7266,3
-23.663442,-46.726632,3
,,
-23.70886,-46.688958,3
-23.709214,-46.689016,3
-23.709746,-46.689214,3
-23.709882,-46.689242,3
-23.710023,-46.689192,3
-23.710558,-46.688874,3
-23.710662,-46.688863,3
-23.710783,-46.688883,3
-23.711325,-46.689029,3
-23.712972,-46.689471,3
,,
-23.652673,-46.711598,3
-23.652264,-46.708732,3
,,
-23.65881,-46.666332,3
-23.659354,-46.665801,3
-23.659874,-46.665206,3
-23.660058,-46.664973,3
-23.66017,-46.664841,3
-23.660169,-46.664841,3
-23.660823,-46.664085,3
,,
-23.663246,-46.728018,3
-23.66329,-46.728283,3
-23.663499,-46.728731,3
-23.663668,-46.72941,3
-23.663877,-46.730216,3
-23.66405,-46.730634,3
-23.664179,-46.73086,3
-23.664444,-46.731174,3
-23.665037,-46.731822,3
-23.665573,-46.732449,3
-23.665913,-46.732991,3
-23.666521,-46.733985,3
-23.666712,-46.734321,3
-23.666753,-46.734411,3
-23.666823,-46.734612,3
-23.666849,-46.734722,3
-23.666908,-46.735206,3
-23.666953,-46.73542,3
-23.666982,-46.735528,3
-23.667039,-46.735667,3
-23.6671,-46.735812,3
-23.667346,-46.736292,3
-23.667659,-46.737187,3
-23.667932,-46.737854,3
,,
-23.652657,-46.68815,3
-23.652776,-46.688314,3
-23.653037,-46.688674,3
-23.653287,-46.689019,3
-23.65356,-46.689539,3
-23.653621,-46.68959,3
-23.653683,-46.689692,3
-23.65374,-46.689783,3
-23.653791,-46.689866,3
-23.653925,-46.690084,3
-23.654295,-46.690686,3
-23.654541,-46.691086,3
-23.654727,-46.69139,3
-23.654822,-46.691546,3
-23.655099,-46.691985,3
-23.655224,-46.692193,3
-23.655436,-46.692532,3
-23.65559,-46.692789,3
-23.655765,-46.693077,3
-23.656152,-46.693742,3
,,
-23.682196,-46.63641,3
-23.681742,-46.637196,3
-23.681668,-46.637318,3
-23.681446,-46.637686,3
-23.681288,-46.637948,3
-23.681142,-46.638188,3
-23.681143,-46.638189,3
-23.680867,-46.638625,3
-23.680651,-46.638874,3
-23.680507,-46.639022,3
-23.680261,-46.639246,3
-23.679533,-46.639859,3
-23.679317,-46.64005,3
-23.679316,-46.64005,3
-23.678324,-46.64088,3
-23.678018,-46.641108,3
-23.677828,-46.641225,3
,,
-23.751233,-46.688253,3
-23.750743,-46.68825,3
-23.750565,-46.688214,3
-23.750397,-46.688152,3
-23.750227,-46.688055,3
-23.75009,-46.687973,3
-23.749854,-46.687833,3
-23.749697,-46.687739,3
-23.749599,-46.687689,3
-23.749294,-46.687551,3
-23.748993,-46.687478,3
-23.74877,-46.687509,3
-23.748567,-46.687531,3
-23.748008,-46.687626,3
-23.747181,-46.68778,3
-23.746917,-46.687884,3
-23.74647,-46.688194,3
-23.74626,-46.688346,3
-23.746225,-46.688382,3
-23.746105,-46.688508,3
-23.745755,-46.688905,3
-23.745738,-46.688926,3
-23.745299,-46.689484,3
-23.74494,-46.689951,3
-23.74491,-46.689989,3
-23.744692,-46.690264,3
-23.744292,-46.690695,3
-23.744076,-46.690924,3
-23.744015,-46.690985,3
-23.743995,-46.691006,3
-23.74363,-46.691376,3
-23.743615,-46.691392,3
-23.743565,-46.691442,3
-23.743307,-46.691629,3
-23.743078,-46.691746,3
-23.742479,-46.691936,3
-23.742132,-46.691912,3
-23.741984,-46.691887,3
-23.740924,-46.69152,3
-23.740475,-46.691462,3
-23.740149,-46.691434,3
-23.739967,-46.691468,3
-23.7394,-46.691578,3
-23.739177,-46.691628,3
-23.738701,-46.691776,3
-23.738609,-46.69182,3
-23.738512,-46.691888,3
-23.738372,-46.692027,3
-23.738184,-46.692231,3
-23.737317,-46.693203,3
-23.737318,-46.693203,3
-23.736956,-46.693618,3
-23.736355,-46.694277,3
-23.736041,-46.694627,3
-23.735318,-46.695436,3
,,
-23.674365,-46.642766,3
-23.674038,-46.642964,3
-23.67366,-46.643235,3
-23.673279,-46.64356,3
-23.673171,-46.643669,3
-23.672878,-46.644001,3
-23.672503,-46.644536,3
-23.671989,-46.645236,3
,,
-23.654866,-46.706841,3
-23.654615,-46.707232,3
-23.654458,-46.707465,3
-23.653945,-46.707545,3
-23.653483,-46.707617,3
-23.653142,-46.70767,3
-23.652136,-46.707845,3
,,
-23.659095,-46.765802,3
-23.65897,-46.765611,3
-23.658918,-46.765531,3
-23.658753,-46.76529,3
-23.658549,-46.765069,3
-23.657879,-46.764495,3
-23.657277,-46.763998,3
-23.65711,-46.763849,3
-23.656935,-46.763668,3
-23.65651,-46.763144,3
-23.656339,-46.762886,3
-23.656147,-46.762508,3
,,
-23.652447,-46.701795,3
-23.653103,-46.701724,3
-23.653418,-46.701697,3
-23.654188,-46.701668,3
-23.65436,-46.701684,3
-23.654946,-46.701639,3
-23.655097,-46.701583,3
-23.655587,-46.701459,3
-23.656263,-46.701247,3
-23.65732,-46.70098,3
,,
-23.50301,-46.439826,3
-23.502762,-46.439849,3
-23.502514,-46.439871,3
-23.502035,-46.439916,3
-23.502035,-46.439915,3
-23.501777,-46.43994,3
-23.501637,-46.439954,3
-23.501054,-46.440011,3
-23.50092,-46.440025,3
-23.500532,-46.440063,3
-23.500062,-46.440111,3
-23.499395,-46.440179,3
-23.499265,-46.440201,3
-23.499183,-46.440226,3
-23.499049,-46.440292,3
-23.498634,-46.440555,3
-23.498263,-46.440795,3
-23.49797,-46.440983,3
,,
-23.498227,-46.625734,3
-23.498822,-46.625643,3
-23.498991,-46.625618,3
-23.499239,-46.625592,3
-23.499282,-46.625599,3
-23.499826,-46.625693,3
-23.500383,-46.625825,3
-23.500891,-46.625947,3
-23.501613,-46.626105,3
-23.50197,-46.626185,3
-23.502822,-46.62638,3
-23.502926,-46.626396,3
-23.503638,-46.626385,3
-23.503883,-46.62638,3
-23.504163,-46.626367,3
,,
-23.544678,-46.626324,4
-23.543822,-46.626548,4
-23.543129,-46.626764,4
-23.542767,-46.626852,4
-23.542365,-46.627057,4
-23.542185,-46.627199,4
-23.541829,-46.627617,4
-23.541726,-46.627728,4
-23.541426,-46.628093,4
,,
-23.507817,-46.673773,3
-23.507667,-46.673784,3
-23.507536,-46.673765,3
-23.507244,-46.673676,3
-23.506696,-46.673494,3
-23.505773,-46.673204,3
-23.505427,-46.67308,3
-23.504129,-46.672642,3
,,
-23.502754,-46.619134,3
-23.502747,-46.618948,3
-23.502758,-46.618561,3
-23.502747,-46.618348,3
-23.502723,-46.618183,3
-23.502495,-46.617373,3
-23.502378,-46.616955,3
-23.502242,-46.616548,3
-23.502053,-46.616136,3
-23.501886,-46.615849,3
,,
-23.521824,-46.625213,4
-23.521484,-46.625086,4
-23.521394,-46.625021,4
-23.52128,-46.624918,4
-23.521192,-46.624773,4
-23.521118,-46.624604,4
-23.521068,-46.624491,4
-23.520958,-46.624325,4
-23.520432,-46.623736,4
-23.520321,-46.623585,4
-23.520292,-46.623516,4
-23.520219,-46.623342,4
-23.520068,-46.622584,4
,,
-23.453548,-46.601879,3
-23.453889,-46.601931,3
-23.45389,-46.601931,3
-23.454053,-46.601955,3
-23.454244,-46.601984,3
-23.454461,-46.602039,3
-23.455175,-46.602343,3
-23.455617,-46.602517,3
-23.455843,-46.602599,3
-23.456042,-46.60266,3
-23.456138,-46.602685,3
-23.456295,-46.602697,3
-23.456806,-46.602655,3
-23.457119,-46.6026,3
-23.45759,-46.602541,3
,,
-23.532941,-46.613446,3
-23.533634,-46.612605,3
-23.533779,-46.612442,3
-23.534356,-46.611778,3
-23.534481,-46.611645,3
-23.535071,-46.610951,3
-23.535142,-46.610872,3
-23.535648,-46.610264,3
-23.535771,-46.610143,3
-23.535944,-46.609942,3
-23.536238,-46.609601,3
-23.536816,-46.608956,3
-23.537067,-46.608701,3
-23.537377,-46.608602,3
-23.538205,-46.608348,3
-23.539203,-46.608057,3
-23.540759,-46.607614,3
,,
-23.461823,-46.602886,3
-23.461085,-46.602702,3
-23.460908,-46.602664,3
-23.460385,-46.602624,3
-23.459888,-46.602554,3
-23.459526,-46.602482,3
-23.459052,-46.602421,3
-23.458735,-46.602378,3
-23.458515,-46.602376,3
-23.458165,-46.602431,3
-23.457772,-46.602497,3
-23.45759,-46.602541,3
-23.457119,-46.6026,3
-23.456806,-46.602655,3
-23.456295,-46.602697,3
-23.456138,-46.602685,3
-23.456042,-46.60266,3
-23.455843,-46.602599,3
-23.455617,-46.602517,3
-23.455175,-46.602343,3
,,
-23.543021,-46.665358,3
-23.541813,-46.664824,3
-23.540173,-46.664152,3
-23.539737,-46.663997,3
-23.539395,-46.663916,3
-23.538281,-46.663855,3
-23.53805,-46.663814,3
-23.537737,-46.663733,3
-23.53742,-46.663603,3
-23.537103,-46.663449,3
-23.537104,-46.663449,3
-23.535423,-46.662591,3
-23.534051,-46.661932,3
-23.533032,-46.661413,3
-23.532193,-46.660997,3
-23.531833,-46.660957,3
-23.530812,-46.660947,3
-23.530403,-46.660943,3
,,
-23.498268,-46.684879,3
-23.498131,-46.684792,3
-23.497841,-46.684636,3
-23.497168,-46.684377,3
-23.496804,-46.684313,3
-23.496398,-46.684291,3
-23.495837,-46.684346,3
-23.494423,-46.684646,3
-23.493864,-46.684765,3
-23.493406,-46.684857,3
-23.49278,-46.68501,3
-23.49253,-46.685061,3
-23.491736,-46.685188,3
,,
-23.480868,-46.605259,4
-23.480716,-46.605699,4
-23.480715,-46.605699,4
-23.48059,-46.606085,4
-23.480547,-46.606227,4
-23.480316,-46.606887,4
-23.480196,-46.607183,4
-23.480123,-46.60731,4
-23.480059,-46.607407,4
-23.479867,-46.607613,4
-23.47965,-46.607845,4
-23.479506,-46.608,4
-23.479061,-46.608476,4
-23.478701,-46.608831,4
-23.477935,-46.609704,4
-23.477787,-46.609845,4
-23.477644,-46.610007,4
-23.477643,-46.610007,4
-23.477278,-46.610412,4
,,
-23.477238,-46.597408,3
-23.477309,-46.597506,3
-23.477444,-46.597664,3
-23.477529,-46.59771,3
-23.477652,-46.597775,3
-23.477904,-46.59786,3
-23.478073,-46.597929,3
-23.478224,-46.598041,3
-23.478405,-46.598338,3
-23.478574,-46.598738,3
-23.478677,-46.59893,3
-23.478742,-46.598999,3
-23.47888,-46.599094,3
-23.479161,-46.599258,3
-23.479576,-46.599496,3
-23.479953,-46.599732,3
-23.480069,-46.599828,3
-23.480159,-46.599901,3
-23.480802,-46.600721,3
-23.480998,-46.601223,3
-23.481077,-46.60137,3
-23.481133,-46.601455,3
-23.481203,-46.601535,3
-23.481363,-46.601703,3
-23.481506,-46.601814,3
,,
-23.536523,-46.633581,3
-23.535674,-46.633501,3
-23.53529,-46.63341,3
-23.534288,-46.633139,3
-23.532488,-46.63259,3
-23.532324,-46.632541,3
-23.531106,-46.632157,3
-23.528722,-46.631465,3
,,
-23.469414,-46.646521,3
-23.469516,-46.647023,3
-23.469604,-46.647422,3
-23.469692,-46.647853,3
-23.46981,-46.648425,3
-23.469901,-46.64869,3
-23.470286,-46.649216,3
-23.470789,-46.650194,3
,,
-23.5021,-46.666036,3
-23.501975,-46.665929,3
-23.500891,-46.665031,3
-23.500293,-46.664575,3
-23.500123,-46.664432,3
-23.500022,-46.664353,3
-23.499844,-46.664238,3
-23.499349,-46.66403,3
-23.498665,-46.663749,3
-23.498544,-46.663681,3
-23.497576,-46.662971,3
-23.49716,-46.662659,3
-23.496377,-46.662064,3
-23.49615,-46.661891,3
-23.496025,-46.661773,3
-23.495673,-46.661397,3
-23.495603,-46.661302,3
,,
-23.520522,-46.559989,3
-23.52193,-46.559049,3
-23.523549,-46.557951,3
-23.525121,-46.557011,3
,,
-23.52264,-46.608306,3
-23.522679,-46.608533,3
-23.522731,-46.609182,3
-23.522724,-46.609592,3
-23.522684,-46.60996,3
-23.522628,-46.610322,3
-23.522515,-46.610764,3
-23.522345,-46.611261,3
-23.52219,-46.611647,3
-23.521954,-46.612057,3
-23.521573,-46.61268,3
-23.520783,-46.613677,3
-23.5199,-46.614868,3
-23.519288,-46.615791,3
-23.519007,-46.616386,3
-23.518774,-46.616923,3
-23.518614,-46.617347,3
-23.51851,-46.617736,3
-23.518398,-46.618226,3
-23.518307,-46.619079,3
-23.518302,-46.619332,3
-23.518358,-46.619865,3
-23.518461,-46.620606,3
-23.518811,-46.621962,3
-23.5189,-46.622369,3
-23.518942,-46.622659,3
-23.518966,-46.622927,3
-23.518979,-46.623445,3
-23.518742,-46.628832,3
-23.518629,-46.630577,3
-23.518627,-46.631444,3
-23.51858,-46.632321,3
-23.51825,-46.636409,3
-23.518076,-46.639292,3
-23.51784,-46.642067,3
-23.517694,-46.643525,3
-23.517469,-46.645505,3
-23.517182,-46.647672,3
-23.516946,-46.649791,3
-23.516783,-46.651025,3
-23.516447,-46.65358,3
-23.516155,-46.655431,3
,,
-23.539519,-46.542841,3
-23.538668,-46.544962,3
-23.538274,-46.546138,3
-23.538022,-46.546661,3
-23.537756,-46.547026,3
-23.537522,-46.547249,3
-23.537279,-46.547426,3
-23.537017,-46.547562,3
-23.536262,-46.547795,3
-23.535192,-46.548095,3
-23.534272,-46.54842,3
-23.533915,-46.548575,3
-23.533589,-46.548804,3
-23.533308,-46.549086,3
-23.532984,-46.549574,3
-23.532775,-46.550035,3
-23.532376,-46.551152,3
,,
-23.482213,-46.604744,4
-23.48218,-46.60418,4
-23.482076,-46.60374,4
-23.48201,-46.603614,4
-23.481953,-46.603541,4
-23.481831,-46.603406,4
-23.481727,-46.603327,4
-23.481581,-46.603227,4
,,
-23.507008,-46.624779,3
-23.506324,-46.624737,3
-23.505885,-46.624724,3
-23.505258,-46.624707,3
-23.504164,-46.624673,3
-23.504014,-46.624668,3
-23.503135,-46.62464,3
-23.502023,-46.624604,3
,,
-23.543228,-46.580214,3
-23.543021,-46.580261,3
-23.539986,-46.581022,3
-23.53944,-46.581237,3
-23.539206,-46.581362,3
-23.538929,-46.581543,3
-23.538531,-46.581829,3
-23.538339,-46.581955,3
-23.538113,-46.58208,3
-23.53795,-46.582132,3
-23.535286,-46.5828,3
-23.533114,-46.583344,3
-23.532675,-46.583451,3
,,
-23.542828,-46.616404,3
-23.542649,-46.616126,3
-23.542429,-46.615804,3
-23.541817,-46.614798,3
-23.541491,-46.61419,3
-23.541268,-46.613822,3
-23.540699,-46.612943,3
-23.540304,-46.612274,3
,,
-23.485964,-46.638816,4
-23.485882,-46.638656,4
-23.485778,-46.638452,4
-23.485766,-46.638428,4
-23.485588,-46.638126,4
-23.485336,-46.637804,4
-23.485212,-46.637675,4
-23.484949,-46.637461,4
-23.484432,-46.637132,4
-23.484281,-46.636998,4
-23.484015,-46.636735,4
-23.483826,-46.636535,4
-23.483646,-46.636271,4
-23.483507,-46.636046,4
-23.483379,-46.635743,4
-23.483378,-46.635742,4
-23.483205,-46.635239,4
-23.483132,-46.634663,4
-23.483141,-46.633259,4
-23.483112,-46.63301,4
-23.483091,-46.63277,4
,,
-23.546539,-46.690593,4
-23.546169,-46.691142,4
-23.54607,-46.691299,4
-23.545709,-46.691812,4
-23.545708,-46.691812,4
-23.545376,-46.69232,4
-23.545002,-46.692931,4
-23.544768,-46.693256,4
-23.544495,-46.693569,4
-23.544376,-46.693687,4
-23.543846,-46.694213,4
-23.543629,-46.694429,4
-23.543217,-46.694835,4
-23.543104,-46.694986,4
-23.542758,-46.695571,4
-23.542566,-46.695887,4
-23.542567,-46.695888,4
-23.54244,-46.696071,4
-23.542271,-46.696274,4
-23.542011,-46.696463,4
-23.541435,-46.696817,4
-23.541081,-46.697028,4
-23.540842,-46.697171,4
,,
-23.50373,-46.685465,3
-23.503509,-46.685491,3
-23.503196,-46.68565,3
-23.50278,-46.685881,3
-23.502584,-46.685994,3
-23.502518,-46.686031,3
-23.502431,-46.686083,3
-23.50225,-46.686189,3
-23.501748,-46.686485,3
-23.501682,-46.68652,3
-23.501357,-46.686732,3
,,
-23.49341,-46.443882,3
-23.493502,-46.44359,3
-23.493536,-46.443407,3
-23.493523,-46.442887,3
-23.493476,-46.442283,3
-23.493439,-46.441783,3
-23.493413,-46.44156,3
-23.493408,-46.44148,3
-23.493397,-46.441393,3
-23.493486,-46.441039,3
-23.493506,-46.440944,3
-23.493654,-46.440348,3
-23.49375,-46.440033,3
-23.493936,-46.439605,3
-23.494202,-46.439139,3
,,
-23.535044,-46.622381,3
-23.534787,-46.623416,3
-23.534542,-46.624363,3
-23.534477,-46.624591,3
,,
-23.518596,-46.647065,3
-23.51865,-46.646618,3
-23.51877,-46.646289,3
-23.518947,-46.64596,3
-23.519122,-46.645704,3
-23.519556,-46.645203,3
-23.519888,-46.644846,3
-23.520234,-46.644462,3
-23.520413,-46.644225,3
-23.52055,-46.643962,3
-23.520673,-46.643697,3
-23.520764,-46.643347,3
-23.52089,-46.642715,3
-23.52103,-46.64204,3
-23.521205,-46.641122,3
-23.521329,-46.640478,3
-23.521592,-46.639148,3
-23.521606,-46.63903,3
-23.521616,-46.638948,3
-23.521612,-46.63866,3
,,
-23.51024,-46.688188,3
-23.510266,-46.688031,3
-23.510368,-46.687395,3
-23.510499,-46.686652,3
-23.510804,-46.685088,3
-23.510837,-46.684909,3
-23.51096,-46.684407,3
-23.511039,-46.684177,3
-23.511068,-46.684096,3
-23.511346,-46.683388,3
-23.511553,-46.682991,3
-23.511646,-46.682866,3
-23.512023,-46.682372,3
-23.512646,-46.681488,3
-23.513705,-46.680139,3
-23.51408,-46.679471,3
-23.514364,-46.67883,3
-23.514659,-46.677878,3
-23.514753,-46.67754,3
-23.514871,-46.676871,3
-23.515109,-46.674974,3
-23.515168,-46.674504,3
-23.515253,-46.673801,3
-23.515497,-46.671762,3
-23.515537,-46.671418,3
-23.515671,-46.669845,3
-23.515776,-46.668516,3
-23.515955,-46.667888,3
-23.516095,-46.667253,3
-23.516182,-46.666389,3
-23.51627,-46.66507,3
-23.51678,-46.661757,3
-23.517337,-46.656982,3
-23.517463,-46.656054,3
-23.517536,-46.655199,3
-23.517585,-46.654924,3
-23.517733,-46.654381,3
-23.5179,-46.652895,3
-23.517948,-46.651385,3
-23.518043,-46.650733,3
-23.518079,-46.650495,3
-23.51836,-46.648343,3
-23.51841,-46.647955,3
-23.51841,-46.647675,3
-23.518457,-46.646919,3
-23.518628,-46.645474,3
-23.519034,-46.643171,3
-23.519103,-46.64263,3
-23.519125,-46.642249,3
-23.519118,-46.641747,3
-23.519143,-46.640334,3
-23.519133,-46.638893,3
-23.51928,-46.637406,3
-23.519296,-46.635725,3
-23.519326,-46.635132,3
-23.51934,-46.634574,3
-23.519519,-46.632089,3
-23.519609,-46.631863,3
-23.519714,-46.631471,3
-23.519855,-46.630823,3
-23.519895,-46.630462,3
-23.519942,-46.629638,3
-23.519883,-46.628833,3
-23.519915,-46.628338,3
-23.519935,-46.628095,3
-23.519947,-46.627978,3
-23.519974,-46.627608,3
-23.520027,-46.626936,3
-23.520091,-46.625723,3
-23.520127,-46.624856,3
-23.520141,-46.62374,3
-23.520118,-46.623155,3
-23.520068,-46.622584,3
-23.519848,-46.621455,3
-23.519636,-46.620472,3
-23.519561,-46.619909,3
-23.519528,-46.619536,3
-23.519542,-46.618996,3
-23.51958,-46.618688,3
-23.519645,-46.618284,3
-23.519769,-46.617743,3
-23.519961,-46.617285,3
-23.520187,-46.616794,3
-23.520599,-46.616165,3
-23.520776,-46.615929,3
-23.521174,-46.615481,3
-23.522349,-46.613885,3
-23.522756,-46.613333,3
-23.522849,-46.613207,3
-23.523218,-46.612692,3
-23.523355,-46.61246,3
-23.523803,-46.611394,3
-23.523957,-46.610887,3
-23.524027,-46.610525,3
-23.524095,-46.610048,3
-23.524174,-46.609292,3
-23.524167,-46.608894,3
-23.524154,-46.608672,3
-23.524123,-46.608385,3
-23.524021,-46.607836,3
-23.523917,-46.607274,3
-23.523902,-46.607213,3
-23.523885,-46.60712,3
-23.523842,-46.606902,3
-23.523707,-46.606206,3
-23.523653,-46.605921,3
-23.523652,-46.605921,3
-23.523615,-46.605303,3
-23.523617,-46.60494,3
-23.523632,-46.604816,3
-23.523686,-46.604339,3
-23.523763,-46.603999,3
-23.523849,-46.603628,3
-23.5241,-46.602966,3
-23.524307,-46.60256,3
-23.524645,-46.602043,3
-23.525179,-46.601397,3
-23.525495,-46.600981,3
,,
-23.541775,-46.647851,3
-23.542798,-46.647881,3
-23.54384,-46.647908,3
-23.544701,-46.647929,3
-23.545412,-46.647964,3
,,
-23.469928,-46.654418,3
-23.470193,-46.653715,3
-23.470292,-46.653238,3
-23.470341,-46.653071,3
-23.470439,-46.652899,3
-23.470619,-46.652683,3
-23.470774,-46.652482,3
-23.470872,-46.652321,3
-23.470971,-46.652106,3
-23.471138,-46.651659,3
-23.471159,-46.651545,3
,,
-23.52501,-46.687512,3
-23.525013,-46.687213,3
-23.525024,-46.68682,3
-23.525033,-46.686162,3
-23.525039,-46.685394,3
-23.525057,-46.684577,3
-23.525066,-46.683956,3
-23.525076,-46.683865,3
-23.525122,-46.683663,3
-23.525227,-46.68333,3
-23.525546,-46.682496,3
,,
-23.528668,-46.631277,4
-23.528484,-46.631189,4
-23.528371,-46.631135,4
-23.528078,-46.630994,4
-23.527691,-46.630817,4
-23.52769,-46.630817,4
-23.527258,-46.630625,4
-23.526792,-46.630372,4
-23.526601,-46.630239,4
-23.526081,-46.629687,4
-23.525845,-46.629436,4
,,
-23.531003,-46.557692,3
-23.531125,-46.558065,3
-23.531431,-46.558926,3
-23.531553,-46.559289,3
-23.531846,-46.56015,3
-23.532127,-46.560983,3
,,
-23.528722,-46.631465,3
-23.528372,-46.631368,3
-23.526658,-46.631005,3
-23.526642,-46.631001,3
-23.525959,-46.630777,3
-23.525298,-46.630689,3
-23.524872,-46.630633,3
-23.524387,-46.630567,3
-23.52289,-46.63029,3
-23.522718,-46.63027,3
-23.521863,-46.630156,3
-23.521749,-46.63014,3
-23.521424,-46.630093,3
,,
-23.475383,-46.612736,4
-23.47518,-46.612876,4
-23.475179,-46.612876,4
-23.47455,-46.613196,4
-23.474419,-46.613289,4
-23.474293,-46.613409,4
-23.473982,-46.613786,4
,,
-23.510557,-46.685477,3
-23.510777,-46.684387,3
-23.510972,-46.683786,3
-23.511236,-46.683174,3
-23.511656,-46.682498,3
-23.511939,-46.682126,3
-23.51366,-46.679839,3
-23.513947,-46.679304,3
-23.514319,-46.678297,3
-23.514497,-46.677715,3
-23.514565,-46.677458,3
-23.514912,-46.674807,3
-23.515411,-46.670918,3
-23.515658,-46.668467,3
-23.515944,-46.667181,3
-23.516131,-46.665046,3
-23.517199,-46.656897,3
-23.517654,-46.653229,3
,,
-23.546313,-46.657967,3
-23.545377,-46.657496,3
-23.544478,-46.657072,3
-23.544176,-46.65692,3
-23.543614,-46.656641,3
-23.542585,-46.656179,3
-23.541538,-46.655744,3
,,
-23.518059,-46.731958,4
-23.5177,-46.73095,4
-23.515741,-46.727371,4
-23.515681,-46.727264,4
-23.514237,-46.724697,4
-23.513633,-46.723665,4
-23.513373,-46.723263,4
-23.512842,-46.722553,4
-23.512234,-46.72196,4
-23.510414,-46.720741,4
-23.510177,-46.720534,4
-23.50977,-46.720113,4
-23.509642,-46.719981,4
-23.509502,-46.719804,4
-23.509336,-46.719521,4
-23.509063,-46.718984,4
-23.508977,-46.718786,4
-23.508884,-46.718523,4
-23.508793,-46.718169,4
-23.508674,-46.717584,4
-23.508603,-46.716872,4
-23.508603,-46.716318,4
-23.509236,-46.708812,4
-23.509334,-46.707286,4
-23.508621,-46.698227,4
-23.508527,-46.696365,4
-23.50853,-46.695738,4
-23.508579,-46.695048,4
-23.508739,-46.693957,4
-23.509035,-46.692498,4
-23.509703,-46.688996,4
-23.510233,-46.685921,4
-23.510346,-46.685336,4
-23.510618,-46.684267,4
-23.510731,-46.683881,4
-23.510878,-46.683494,4
-23.511046,-46.683135,4
-23.511178,-46.682888,4
-23.511395,-46.682534,4
-23.512121,-46.681484,4
-23.512476,-46.68106,4
-23.513348,-46.679911,4
-23.513557,-46.679619,4
-23.513734,-46.679284,4
-23.513987,-46.678747,4
-23.514324,-46.677803,4
-23.514527,-46.676734,4
-23.515502,-46.668651,4
-23.516716,-46.659242,4
-23.517745,-46.651134,4
-23.518549,-46.644945,4
-23.518874,-46.643142,4
-23.518933,-46.642423,4
-23.518956,-46.641921,4
-23.51892,-46.63995,4
-23.518959,-46.637728,4
-23.518978,-46.637221,4
-23.519297,-46.632328,4
-23.519374,-46.63044,4
-23.519765,-46.626266,4
-23.51987,-46.62378,4
-23.519828,-46.623079,4
-23.519771,-46.622654,4
-23.519298,-46.620374,4
-23.519206,-46.619586,4
-23.519199,-46.619161,4
-23.519236,-46.618708,4
-23.519295,-46.618314,4
-23.519364,-46.618016,4
-23.519557,-46.617414,4
-23.519796,-46.616839,4
-23.519898,-46.616631,4
-23.520066,-46.616372,4
-23.521709,-46.614227,4
-23.522501,-46.613219,4
-23.522862,-46.612653,4
-23.523095,-46.612196,4
-23.52341,-46.611351,4
-23.523641,-46.610592,4
-23.523713,-46.610214,4
-23.523779,-46.609766,4
-23.523808,-46.609426,4
-23.523813,-46.608975,4
-23.523791,-46.608552,4
-23.523729,-46.607997,4
-23.523406,-46.606558,4
-23.523327,-46.60611,4
-23.523285,-46.605807,4
-23.523256,-46.605491,4
-23.523241,-46.605287,4
-23.523243,-46.604992,4
-23.523263,-46.604664,4
-23.523302,-46.604399,4
-23.523389,-46.604009,4
-23.523484,-46.603648,4
-23.523753,-46.602909,4
-23.523956,-46.6025,4
-23.524344,-46.601851,4
-23.525257,-46.600699,4
-23.526339,-46.599391,4
-23.528007,-46.597269,4
-23.529106,-46.5959,4
-23.5295,-46.595298,4
-23.529705,-46.594876,4
,,
-23.547163,-46.57911,3
-23.54682,-46.579188,3
-23.546118,-46.579377,3
-23.54518,-46.579598,3
-23.545181,-46.579599,3
-23.544189,-46.579791,3
-23.543265,-46.579975,3
-23.542222,-46.580288,3
-23.541668,-46.580449,3
-23.541137,-46.580591,3
-23.540189,-46.580831,3
-23.539478,-46.581032,3
-23.539147,-46.581196,3
-23.538203,-46.581848,3
-23.53805,-46.581926,3
-23.53783,-46.582013,3
-23.537457,-46.582127,3
-23.536572,-46.582357,3
-23.535538,-46.582583,3
-23.535265,-46.582651,3
-23.533033,-46.583226,3
,,
-23.466411,-46.679254,3
-23.465913,-46.679301,3
-23.465743,-46.679358,3
-23.465401,-46.679462,3
-23.465122,-46.679594,3
-23.464916,-46.679673,3
-23.464463,-46.679869,3
-23.464162,-46.680113,3
-23.464085,-46.680214,3
-23.464039,-46.680318,3
-23.464038,-46.680318,3
-23.463573,-46.681283,3
-23.463171,-46.68227,3
-23.463171,-46.682271,3
-23.46279,-46.683219,3
-23.462532,-46.683572,3
-23.462531,-46.683572,3
-23.462402,-46.68369,3
-23.462126,-46.683854,3
-23.461907,-46.68396,3
-23.4617,-46.68402,3
-23.461701,-46.68402,3
-23.461621,-46.684042,3
-23.461427,-46.684084,3
,,
-23.525735,-46.679969,3
-23.525791,-46.679462,3
-23.525961,-46.678231,3
-23.526009,-46.677884,3
-23.526151,-46.676604,3
-23.526185,-46.675496,3
-23.526204,-46.674753,3
-23.526217,-46.674597,3
-23.526248,-46.674422,3
-23.526355,-46.674086,3
-23.52647,-46.673819,3
-23.526561,-46.67361,3
,,
-23.538916,-46.545744,4
-23.53939,-46.544486,4
-23.539592,-46.543868,4
-23.539649,-46.543721,4
-23.539843,-46.543214,4
-23.540016,-46.542763,4
,,
-23.492575,-46.751085,3
-23.492494,-46.751177,3
-23.492395,-46.751229,3
-23.492266,-46.751234,3
-23.491755,-46.750857,3
-23.491476,-46.750792,3
-23.491129,-46.750699,3
-23.490656,-46.750557,3
-23.490329,-46.750465,3
-23.489709,-46.750269,3
-23.489708,-46.750269,3
-23.489336,-46.750044,3
-23.489123,-46.749815,3
-23.489113,-46.749799,3
-23.488979,-46.749601,3
-23.488831,-46.749337,3
-23.488707,-46.749147,3
-23.488467,-46.748778,3
-23.488245,-46.74848,3
-23.488161,-46.748391,3
-23.487729,-46.748018,3
-23.487577,-46.747921,3
-23.487426,-46.74787,3
-23.487103,-46.747786,3
-23.486751,-46.747651,3
-23.486603,-46.747548,3
-23.48648,-46.747457,3
-23.486341,-46.747309,3
-23.486242,-46.747107,3
-23.48621,-46.747027,3
-23.486142,-46.746892,3
-23.486132,-46.746874,3
-23.486028,-46.746613,3
-23.485781,-46.746216,3
-23.485536,-46.745911,3
-23.485447,-46.745799,3
-23.485405,-46.745747,3
-23.485084,-46.74531,3
,,
-23.525297,-46.675158,4
-23.525257,-46.6757,4
-23.525204,-46.676404,4
-23.52518,-46.676729,4
-23.525098,-46.677148,4
-23.525106,-46.677221,4
-23.525158,-46.677321,4
-23.525277,-46.677357,4
-23.525918,-46.677419,4
,,
-23.522212,-46.526099,3
-23.522426,-46.525533,3
-23.522566,-46.52479,3
-23.5226,-46.524605,3
-23.522683,-46.524152,3
-23.522786,-46.523631,3
-23.522823,-46.523434,3
-23.522922,-46.522924,3
-23.522957,-46.522735,3
-23.523006,-46.522395,3
-23.523066,-46.522083,3
-23.523087,-46.521619,3
-23.523127,-46.520959,3
-23.523138,-46.520717,3
-23.523165,-46.520369,3
-23.523153,-46.520141,3
-23.523107,-46.519955,3
-23.522969,-46.519511,3
-23.522395,-46.517956,3
-23.522133,-46.517488,3
-23.521717,-46.516809,3
-23.521716,-46.516808,3
-23.521267,-46.516039,3
-23.520961,-46.515553,3
-23.520354,-46.51466,3
,,
-23.531708,-46.663904,4
-23.531246,-46.664788,4
-23.531141,-46.665081,4
-23.530467,-46.666305,4
-23.530403,-46.666424,4
-23.52993,-46.667284,4
-23.529427,-46.668215,4
-23.52937,-46.668318,4
-23.528827,-46.669286,4
-23.527852,-46.671029,4
-23.527851,-46.671028,4
-23.526971,-46.672592,4
,,
-23.502258,-46.65804,3
-23.502206,-46.657865,3
-23.502093,-46.657517,3
-23.502023,-46.657232,3
-23.502027,-46.657026,3
-23.502102,-46.656849,3
-23.502439,-46.656339,3
-23.502775,-46.655863,3
-23.50295,-46.65556,3
-23.503033,-46.655347,3
-23.503075,-46.655137,3
-23.503076,-46.655043,3
-23.503077,-46.654866,3
-23.502964,-46.654026,3
,,
-23.527274,-46.663393,3
-23.527424,-46.663036,3
-23.527491,-46.662884,3
-23.527791,-46.662399,3
-23.527942,-46.662202,3
-23.528057,-46.662079,3
-23.528173,-46.661956,3
-23.528524,-46.661547,3
-23.529104,-46.661051,3
-23.529272,-46.660936,3
,,
-23.519639,-46.631269,3
-23.519797,-46.629913,3
-23.519809,-46.629512,3
-23.519785,-46.628853,3
-23.519868,-46.626641,3
-23.520014,-46.624227,3
-23.52002,-46.623331,3
-23.519948,-46.622588,3
-23.519585,-46.620951,3
-23.519457,-46.620276,3
-23.519397,-46.619884,3
-23.519364,-46.619427,3
-23.519366,-46.619084,3
-23.519384,-46.61881,3
-23.519438,-46.618367,3
-23.519526,-46.617992,3
-23.519639,-46.617606,3
-23.519728,-46.617375,3
-23.51994,-46.616904,3
-23.520178,-46.616492,3
-23.520658,-46.615876,3
-23.521039,-46.615418,3
-23.521216,-46.615221,3
-23.522117,-46.61397,3
-23.522525,-46.613461,3
-23.522745,-46.613157,3
-23.52308,-46.612628,3
-23.523262,-46.612308,3
-23.523593,-46.611479,3
-23.523867,-46.610675,3
-23.523941,-46.610278,3
-23.524022,-46.609693,3
-23.524047,-46.609296,3
-23.524047,-46.60895,3
-23.524027,-46.608599,3
-23.523814,-46.607498,3
-23.523607,-46.60673,3
-23.523526,-46.606298,3
-23.523447,-46.605613,3
-23.523422,-46.605298,3
-23.523415,-46.604966,3
-23.523447,-46.604533,3
-23.523521,-46.604093,3
-23.523659,-46.6036,3
-23.52393,-46.602945,3
-23.524202,-46.602409,3
-23.524464,-46.601965,3
-23.525553,-46.600654,3
-23.527697,-46.598045,3
-23.528663,-46.596834,3
-23.528919,-46.596478,3
-23.529335,-46.595861,3
-23.52961,-46.595408,3
-23.529964,-46.594705,3
-23.53006,-46.594451,3
-23.530336,-46.593552,3
-23.530447,-46.5929,3
,,
-23.702016,-46.645258,4.0
-23.701536,-46.645345,4.0
-23.701378,-46.645391,4.0
-23.701307,-46.645429,4.0
-23.701254,-46.645456,4.0
-23.700875,-46.645754,4.0
-23.700449,-46.646087,4.0
-23.700448,-46.646087,4.0
-23.700011,-46.646415,4.0
-23.699892,-46.646504,4.0
-23.699869,-46.646522,4.0
-23.699655,-46.646699,4.0
-23.699386,-46.647008,4.0
-23.699032,-46.647417,4.0
-23.698935,-46.647513,4.0
-23.698759,-46.647647,4.0
-23.698578,-46.647753,4.0
-23.698578,-46.647752,4.0
-23.698124,-46.648026,4.0
-23.697878,-46.648158,4.0
-23.69777,-46.64824,4.0
-23.69765,-46.64838,4.0
-23.697354,-46.648866,4.0
-23.69723,-46.649092,4.0
-23.697083,-46.6493,4.0
-23.696865,-46.649483,4.0
-23.696591,-46.649663,4.0
-23.69623,-46.649929,4.0
-23.696134,-46.650019,4.0
-23.696017,-46.650196,4.0
,,
-23.732925,-46.698216,4
-23.73311,-46.698258,4
-23.733177,-46.698261,4
-23.733249,-46.698232,4
-23.733278,-46.698187,4
-23.733322,-46.698081,4
-23.73336,-46.6979,4
-23.733356,-46.697807,4
-23.733266,-46.697332,4
-23.733258,-46.697147,4
-23.73329,-46.69689,4
-23.733343,-46.696714,4
-23.733424,-46.696555,4
-23.733552,-46.696411,4
-23.733641,-46.696346,4
-23.733759,-46.696278,4
-23.734059,-46.696174,4
-23.73452,-46.696084,4
-23.734708,-46.696018,4
-23.734874,-46.695909,4
-23.734972,-46.695824,4
-23.735197,-46.695572,4
-23.735318,-46.695436,4
-23.736041,-46.694627,4
,,
-23.669202,-46.711999,3
-23.668934,-46.711993,3
-23.667977,-46.711954,3
-23.666133,-46.71185,3
-23.66605,-46.711663,3
-23.666016,-46.711635,3
-23.665965,-46.711617,3
-23.665825,-46.711602,3
-23.665723,-46.71149,3
,,
-23.673305,-46.712162,3
-23.672989,-46.71215,3
-23.672714,-46.712138,3
-23.671329,-46.712075,3
-23.669971,-46.712016,3
,,
-23.64726,-46.72767,3
-23.648071,-46.727476,3
-23.648752,-46.727433,3
-23.649108,-46.727369,3
-23.649667,-46.727023,3
-23.649959,-46.7268,3
-23.650105,-46.726687,3
-23.650358,-46.726521,3
-23.650558,-46.726389,3
-23.650715,-46.726286,3
-23.651485,-46.725909,3
-23.65241,-46.725455,3
-23.652556,-46.725408,3
-23.653144,-46.725118,3
-23.653475,-46.724965,3
-23.65395,-46.724713,3
-23.654161,-46.724633,3
-23.654455,-46.724496,3
-23.655062,-46.724371,3
-23.655206,-46.724357,3
-23.655403,-46.724337,3
-23.655551,-46.724346,3
-23.655718,-46.724356,3
-23.655801,-46.724376,3
-23.656503,-46.724524,3
-23.6618,-46.725899,3
-23.662369,-46.726123,3
-23.662642,-46.726327,3
-23.662838,-46.726496,3
-23.6631,-46.72659,3
-23.663181,-46.7266,3
-23.663442,-46.726632,3
,,
-23.70886,-46.688958,3
-23.709214,-46.689016,3
-23.709746,-46.689214,3
-23.709882,-46.689242,3
-23.710023,-46.689192,3
-23.710558,-46.688874,3
-23.710662,-46.688863,3
-23.710783,-46.688883,3
-23.711325,-46.689029,3
-23.712972,-46.689471,3
,,
-23.652673,-46.711598,3
-23.652264,-46.708732,3
,,
-23.65881,-46.666332,3
-23.659354,-46.665801,3
-23.659874,-46.665206,3
-23.660058,-46.664973,3
-23.66017,-46.664841,3
-23.660169,-46.664841,3
-23.660823,-46.664085,3
,,
-23.663246,-46.728018,3
-23.66329,-46.728283,3
-23.663499,-46.728731,3
-23.663668,-46.72941,3
-23.663877,-46.730216,3
-23.66405,-46.730634,3
-23.664179,-46.73086,3
-23.664444,-46.731174,3
-23.665037,-46.731822,3
-23.665573,-46.732449,3
-23.665913,-46.732991,3
-23.666521,-46.733985,3
-23.666712,-46.734321,3
-23.666753,-46.734411,3
-23.666823,-46.734612,3
-23.666849,-46.734722,3
-23.666908,-46.735206,3
-23.666953,-46.73542,3
-23.666982,-46.735528,3
-23.667039,-46.735667,3
-23.6671,-46.735812,3
-23.667346,-46.736292,3
-23.667659,-46.737187,3
-23.667932,-46.737854,3
,,
-23.652657,-46.68815,3
-23.652776,-46.688314,3
-23.653037,-46.688674,3
-23.653287,-46.689019,3
-23.65356,-46.689539,3
-23.653621,-46.68959,3
-23.653683,-46.689692,3
-23.65374,-46.689783,3
-23.653791,-46.689866,3
-23.653925,-46.690084,3
-23.654295,-46.690686,3
-23.654541,-46.691086,3
-23.654727,-46.69139,3
-23.654822,-46.691546,3
-23.655099,-46.691985,3
-23.655224,-46.692193,3
-23.655436,-46.692532,3
-23.65559,-46.692789,3
-23.655765,-46.693077,3
-23.656152,-46.693742,3
,,
-23.682196,-46.63641,3
-23.681742,-46.637196,3
-23.681668,-46.637318,3
-23.681446,-46.637686,3
-23.681288,-46.637948,3
-23.681142,-46.638188,3
-23.681143,-46.638189,3
-23.680867,-46.638625,3
-23.680651,-46.638874,3
-23.680507,-46.639022,3
-23.680261,-46.639246,3
-23.679533,-46.639859,3
-23.679317,-46.64005,3
-23.679316,-46.64005,3
-23.678324,-46.64088,3
-23.678018,-46.641108,3
-23.677828,-46.641225,3
,,
-23.751233,-46.688253,3
-23.750743,-46.68825,3
-23.750565,-46.688214,3
-23.750397,-46.688152,3
-23.750227,-46.688055,3
-23.75009,-46.687973,3
-23.749854,-46.687833,3
-23.749697,-46.687739,3
-23.749599,-46.687689,3
-23.749294,-46.687551,3
-23.748993,-46.687478,3
-23.74877,-46.687509,3
-23.748567,-46.687531,3
-23.748008,-46.687626,3
-23.747181,-46.68778,3
-23.746917,-46.687884,3
-23.74647,-46.688194,3
-23.74626,-46.688346,3
-23.746225,-46.688382,3
-23.746105,-46.688508,3
-23.745755,-46.688905,3
-23.745738,-46.688926,3
-23.745299,-46.689484,3
-23.74494,-46.689951,3
-23.74491,-46.689989,3
-23.744692,-46.690264,3
-23.744292,-46.690695,3
-23.744076,-46.690924,3
-23.744015,-46.690985,3
-23.743995,-46.691006,3
-23.74363,-46.691376,3
-23.743615,-46.691392,3
-23.743565,-46.691442,3
-23.743307,-46.691629,3
-23.743078,-46.691746,3
-23.742479,-46.691936,3
-23.742132,-46.691912,3
-23.741984,-46.691887,3
-23.740924,-46.69152,3
-23.740475,-46.691462,3
-23.740149,-46.691434,3
-23.739967,-46.691468,3
-23.7394,-46.691578,3
-23.739177,-46.691628,3
-23.738701,-46.691776,3
-23.738609,-46.69182,3
-23.738512,-46.691888,3
-23.738372,-46.692027,3
-23.738184,-46.692231,3
-23.737317,-46.693203,3
-23.737318,-46.693203,3
-23.736956,-46.693618,3
-23.736355,-46.694277,3
-23.736041,-46.694627,3
-23.735318,-46.695436,3
,,
-23.674365,-46.642766,3
-23.674038,-46.642964,3
-23.67366,-46.643235,3
-23.673279,-46.64356,3
-23.673171,-46.643669,3
-23.672878,-46.644001,3
-23.672503,-46.644536,3
-23.671989,-46.645236,3
,,
-23.654866,-46.706841,3
-23.654615,-46.707232,3
-23.654458,-46.707465,3
-23.653945,-46.707545,3
-23.653483,-46.707617,3
-23.653142,-46.70767,3
-23.652136,-46.707845,3
,,
-23.659095,-46.765802,3
-23.65897,-46.765611,3
-23.658918,-46.765531,3
-23.658753,-46.76529,3
-23.658549,-46.765069,3
-23.657879,-46.764495,3
-23.657277,-46.763998,3
-23.65711,-46.763849,3
-23.656935,-46.763668,3
-23.65651,-46.763144,3
-23.656339,-46.762886,3
-23.656147,-46.762508,3
,,
-23.652447,-46.701795,3
-23.653103,-46.701724,3
-23.653418,-46.701697,3
-23.654188,-46.701668,3
-23.65436,-46.701684,3
-23.654946,-46.701639,3
-23.655097,-46.701583,3
-23.655587,-46.701459,3
-23.656263,-46.701247,3
-23.65732,-46.70098,3
,,
-23.50301,-46.439826,3
-23.502762,-46.439849,3
-23.502514,-46.439871,3
-23.502035,-46.439916,3
-23.502035,-46.439915,3
-23.501777,-46.43994,3
-23.501637,-46.439954,3
-23.501054,-46.440011,3
-23.50092,-46.440025,3
-23.500532,-46.440063,3
-23.500062,-46.440111,3
-23.499395,-46.440179,3
-23.499265,-46.440201,3
-23.499183,-46.440226,3
-23.499049,-46.440292,3
-23.498634,-46.440555,3
-23.498263,-46.440795,3
-23.49797,-46.440983,3
,,
-23.498227,-46.625734,3
-23.498822,-46.625643,3
-23.498991,-46.625618,3
-23.499239,-46.625592,3
-23.499282,-46.625599,3
-23.499826,-46.625693,3
-23.500383,-46.625825,3
-23.500891,-46.625947,3
-23.501613,-46.626105,3
-23.50197,-46.626185,3
-23.502822,-46.62638,3
-23.502926,-46.626396,3
-23.503638,-46.626385,3
-23.503883,-46.62638,3
-23.504163,-46.626367,3
,,
-23.544678,-46.626324,4
-23.543822,-46.626548,4
-23.543129,-46.626764,4
-23.542767,-46.626852,4
-23.542365,-46.627057,4
-23.542185,-46.627199,4
-23.541829,-46.627617,4
-23.541726,-46.627728,4
-23.541426,-46.628093,4
,,
-23.507817,-46.673773,3
-23.507667,-46.673784,3
-23.507536,-46.673765,3
-23.507244,-46.673676,3
-23.506696,-46.673494,3
-23.505773,-46.673204,3
-23.505427,-46.67308,3
-23.504129,-46.672642,3
,,
-23.502754,-46.619134,3
-23.502747,-46.618948,3
-23.502758,-46.618561,3
-23.502747,-46.618348,3
-23.502723,-46.618183,3
-23.502495,-46.617373,3
-23.502378,-46.616955,3
-23.502242,-46.616548,3
-23.502053,-46.616136,3
-23.501886,-46.615849,3
,,
-23.521824,-46.625213,4
-23.521484,-46.625086,4
-23.521394,-46.625021,4
-23.52128,-46.624918,4
-23.521192,-46.624773,4
-23.521118,-46.624604,4
-23.521068,-46.624491,4
-23.520958,-46.624325,4
-23.520432,-46.623736,4
-23.520321,-46.623585,4
-23.520292,-46.623516,4
-23.520219,-46.623342,4
-23.520068,-46.622584,4
,,
-23.453548,-46.601879,3
-23.453889,-46.601931,3
-23.45389,-46.601931,3
-23.454053,-46.601955,3
-23.454244,-46.601984,3
-23.454461,-46.602039,3
-23.455175,-46.602343,3
-23.455617,-46.602517,3
-23.455843,-46.602599,3
-23.456042,-46.60266,3
-23.456138,-46.602685,3
-23.456295,-46.602697,3
-23.456806,-46.602655,3
-23.457119,-46.6026,3
-23.45759,-46.602541,3
,,
-23.532941,-46.613446,3
-23.533634,-46.612605,3
-23.533779,-46.612442,3
-23.534356,-46.611778,3
-23.534481,-46.611645,3
-23.535071,-46.610951,3
-23.535142,-46.610872,3
-23.535648,-46.610264,3
-23.535771,-46.610143,3
-23.535944,-46.609942,3
-23.536238,-46.609601,3
-23.536816,-46.608956,3
-23.537067,-46.608701,3
-23.537377,-46.608602,3
-23.538205,-46.608348,3
-23.539203,-46.608057,3
-23.540759,-46.607614,3
,,
-23.461823,-46.602886,3
-23.461085,-46.602702,3
-23.460908,-46.602664,3
-23.460385,-46.602624,3
-23.459888,-46.602554,3
-23.459526,-46.602482,3
-23.459052,-46.602421,3
-23.458735,-46.602378,3
-23.458515,-46.602376,3
-23.458165,-46.602431,3
-23.457772,-46.602497,3
-23.45759,-46.602541,3
-23.457119,-46.6026,3
-23.456806,-46.602655,3
-23.456295,-46.602697,3
-23.456138,-46.602685,3
-23.456042,-46.60266,3
-23.455843,-46.602599,3
-23.455617,-46.602517,3
-23.455175,-46.602343,3
,,
-23.543021,-46.665358,3
-23.541813,-46.664824,3
-23.540173,-46.664152,3
-23.539737,-46.663997,3
-23.539395,-46.663916,3
-23.538281,-46.663855,3
-23.53805,-46.663814,3
-23.537737,-46.663733,3
-23.53742,-46.663603,3
-23.537103,-46.663449,3
-23.537104,-46.663449,3
-23.535423,-46.662591,3
-23.534051,-46.661932,3
-23.533032,-46.661413,3
-23.532193,-46.660997,3
-23.531833,-46.660957,3
-23.530812,-46.660947,3
-23.530403,-46.660943,3
,,
-23.498268,-46.684879,3
-23.498131,-46.684792,3
-23.497841,-46.684636,3
-23.497168,-46.684377,3
-23.496804,-46.684313,3
-23.496398,-46.684291,3
-23.495837,-46.684346,3
-23.494423,-46.684646,3
-23.493864,-46.684765,3
-23.493406,-46.684857,3
-23.49278,-46.68501,3
-23.49253,-46.685061,3
-23.491736,-46.685188,3
,,
-23.480868,-46.605259,4
-23.480716,-46.605699,4
-23.480715,-46.605699,4
-23.48059,-46.606085,4
-23.480547,-46.606227,4
-23.480316,-46.606887,4
-23.480196,-46.607183,4
-23.480123,-46.60731,4
-23.480059,-46.607407,4
-23.479867,-46.607613,4
-23.47965,-46.607845,4
-23.479506,-46.608,4
-23.479061,-46.608476,4
-23.478701,-46.608831,4
-23.477935,-46.609704,4
-23.477787,-46.609845,4
-23.477644,-46.610007,4
-23.477643,-46.610007,4
-23.477278,-46.610412,4
,,
-23.477238,-46.597408,3
-23.477309,-46.597506,3
-23.477444,-46.597664,3
-23.477529,-46.59771,3
-23.477652,-46.597775,3
-23.477904,-46.59786,3
-23.478073,-46.597929,3
-23.478224,-46.598041,3
-23.478405,-46.598338,3
-23.478574,-46.598738,3
-23.478677,-46.59893,3
-23.478742,-46.598999,3
-23.47888,-46.599094,3
-23.479161,-46.599258,3
-23.479576,-46.599496,3
-23.479953,-46.599732,3
-23.480069,-46.599828,3
-23.480159,-46.599901,3
-23.480802,-46.600721,3
-23.480998,-46.601223,3
-23.481077,-46.60137,3
-23.481133,-46.601455,3
-23.481203,-46.601535,3
-23.481363,-46.601703,3
-23.481506,-46.601814,3
,,
-23.536523,-46.633581,3
-23.535674,-46.633501,3
-23.53529,-46.63341,3
-23.534288,-46.633139,3
-23.532488,-46.63259,3
-23.532324,-46.632541,3
-23.531106,-46.632157,3
-23.528722,-46.631465,3
,,
-23.469414,-46.646521,3
-23.469516,-46.647023,3
-23.469604,-46.647422,3
-23.469692,-46.647853,3
-23.46981,-46.648425,3
-23.469901,-46.64869,3
-23.470286,-46.649216,3
-23.470789,-46.650194,3
,,
-23.5021,-46.666036,3
-23.501975,-46.665929,3
-23.500891,-46.665031,3
-23.500293,-46.664575,3
-23.500123,-46.664432,3
-23.500022,-46.664353,3
-23.499844,-46.664238,3
-23.499349,-46.66403,3
-23.498665,-46.663749,3
-23.498544,-46.663681,3
-23.497576,-46.662971,3
-23.49716,-46.662659,3
-23.496377,-46.662064,3
-23.49615,-46.661891,3
-23.496025,-46.661773,3
-23.495673,-46.661397,3
-23.495603,-46.661302,3
,,
-23.520522,-46.559989,3
-23.52193,-46.559049,3
-23.523549,-46.557951,3
-23.525121,-46.557011,3
,,
-23.52264,-46.608306,3
-23.522679,-46.608533,3
-23.522731,-46.609182,3
-23.522724,-46.609592,3
-23.522684,-46.60996,3
-23.522628,-46.610322,3
-23.522515,-46.610764,3
-23.522345,-46.611261,3
-23.52219,-46.611647,3
-23.521954,-46.612057,3
-23.521573,-46.61268,3
-23.520783,-46.613677,3
-23.5199,-46.614868,3
-23.519288,-46.615791,3
-23.519007,-46.616386,3
-23.518774,-46.616923,3
-23.518614,-46.617347,3
-23.51851,-46.617736,3
-23.518398,-46.618226,3
-23.518307,-46.619079,3
-23.518302,-46.619332,3
-23.518358,-46.619865,3
-23.518461,-46.620606,3
-23.518811,-46.621962,3
-23.5189,-46.622369,3
-23.518942,-46.622659,3
-23.518966,-46.622927,3
-23.518979,-46.623445,3
-23.518742,-46.628832,3
-23.518629,-46.630577,3
-23.518627,-46.631444,3
-23.51858,-46.632321,3
-23.51825,-46.636409,3
-23.518076,-46.639292,3
-23.51784,-46.642067,3
-23.517694,-46.643525,3
-23.517469,-46.645505,3
-23.517182,-46.647672,3
-23.516946,-46.649791,3
-23.516783,-46.651025,3
-23.516447,-46.65358,3
-23.516155,-46.655431,3
,,
-23.539519,-46.542841,3
-23.538668,-46.544962,3
-23.538274,-46.546138,3
-23.538022,-46.546661,3
-23.537756,-46.547026,3
-23.537522,-46.547249,3
-23.537279,-46.547426,3
-23.537017,-46.547562,3
-23.536262,-46.547795,3
-23.535192,-46.548095,3
-23.534272,-46.54842,3
-23.533915,-46.548575,3
-23.533589,-46.548804,3
-23.533308,-46.549086,3
-23.532984,-46.549574,3
-23.532775,-46.550035,3
-23.532376,-46.551152,3
,,
-23.482213,-46.604744,4
-23.48218,-46.60418,4
-23.482076,-46.60374,4
-23.48201,-46.603614,4
-23.481953,-46.603541,4
-23.481831,-46.603406,4
-23.481727,-46.603327,4
-23.481581,-46.603227,4
,,
-23.507008,-46.624779,3
-23.506324,-46.624737,3
-23.505885,-46.624724,3
-23.505258,-46.624707,3
-23.504164,-46.624673,3
-23.504014,-46.624668,3
-23.503135,-46.62464,3
-23.502023,-46.624604,3
,,
-23.543228,-46.580214,3
-23.543021,-46.580261,3
-23.539986,-46.581022,3
-23.53944,-46.581237,3
-23.539206,-46.581362,3
-23.538929,-46.581543,3
-23.538531,-46.581829,3
-23.538339,-46.581955,3
-23.538113,-46.58208,3
-23.53795,-46.582132,3
-23.535286,-46.5828,3
-23.533114,-46.583344,3
-23.532675,-46.583451,3
,,
-23.542828,-46.616404,3
-23.542649,-46.616126,3
-23.542429,-46.615804,3
-23.541817,-46.614798,3
-23.541491,-46.61419,3
-23.541268,-46.613822,3
-23.540699,-46.612943,3
-23.540304,-46.612274,3
,,
-23.485964,-46.638816,4
-23.485882,-46.638656,4
-23.485778,-46.638452,4
-23.485766,-46.638428,4
-23.485588,-46.638126,4
-23.485336,-46.637804,4
-23.485212,-46.637675,4
-23.484949,-46.637461,4
-23.484432,-46.637132,4
-23.484281,-46.636998,4
-23.484015,-46.636735,4
-23.483826,-46.636535,4
-23.483646,-46.636271,4
-23.483507,-46.636046,4
-23.483379,-46.635743,4
-23.483378,-46.635742,4
-23.483205,-46.635239,4
-23.483132,-46.634663,4
-23.483141,-46.633259,4
-23.483112,-46.63301,4
-23.483091,-46.63277,4
,,
-23.546539,-46.690593,4
-23.546169,-46.691142,4
-23.54607,-46.691299,4
-23.545709,-46.691812,4
-23.545708,-46.691812,4
-23.545376,-46.69232,4
-23.545002,-46.692931,4
-23.544768,-46.693256,4
-23.544495,-46.693569,4
-23.544376,-46.693687,4
-23.543846,-46.694213,4
-23.543629,-46.694429,4
-23.543217,-46.694835,4
-23.543104,-46.694986,4
-23.542758,-46.695571,4
-23.542566,-46.695887,4
-23.542567,-46.695888,4
-23.54244,-46.696071,4
-23.542271,-46.696274,4
-23.542011,-46.696463,4
-23.541435,-46.696817,4
-23.541081,-46.697028,4
-23.540842,-46.697171,4
,,
-23.50373,-46.685465,3
-23.503509,-46.685491,3
-23.503196,-46.68565,3
-23.50278,-46.685881,3
-23.502584,-46.685994,3
-23.502518,-46.686031,3
-23.502431,-46.686083,3
-23.50225,-46.686189,3
-23.501748,-46.686485,3
-23.501682,-46.68652,3
-23.501357,-46.686732,3
,,
-23.49341,-46.443882,3
-23.493502,-46.44359,3
-23.493536,-46.443407,3
-23.493523,-46.442887,3
-23.493476,-46.442283,3
-23.493439,-46.441783,3
-23.493413,-46.44156,3
-23.493408,-46.44148,3
-23.493397,-46.441393,3
-23.493486,-46.441039,3
-23.493506,-46.440944,3
-23.493654,-46.440348,3
-23.49375,-46.440033,3
-23.493936,-46.439605,3
-23.494202,-46.439139,3
,,
-23.535044,-46.622381,3
-23.534787,-46.623416,3
-23.534542,-46.624363,3
-23.534477,-46.624591,3
,,
-23.518596,-46.647065,3
-23.51865,-46.646618,3
-23.51877,-46.646289,3
-23.518947,-46.64596,3
-23.519122,-46.645704,3
-23.519556,-46.645203,3
-23.519888,-46.644846,3
-23.520234,-46.644462,3
-23.520413,-46.644225,3
-23.52055,-46.643962,3
-23.520673,-46.643697,3
-23.520764,-46.643347,3
-23.52089,-46.642715,3
-23.52103,-46.64204,3
-23.521205,-46.641122,3
-23.521329,-46.640478,3
-23.521592,-46.639148,3
-23.521606,-46.63903,3
-23.521616,-46.638948,3
-23.521612,-46.63866,3
,,
-23.51024,-46.688188,3
-23.510266,-46.688031,3
-23.510368,-46.687395,3
-23.510499,-46.686652,3
-23.510804,-46.685088,3
-23.510837,-46.684909,3
-23.51096,-46.684407,3
-23.511039,-46.684177,3
-23.511068,-46.684096,3
-23.511346,-46.683388,3
-23.511553,-46.682991,3
-23.511646,-46.682866,3
-23.512023,-46.682372,3
-23.512646,-46.681488,3
-23.513705,-46.680139,3
-23.51408,-46.679471,3
-23.514364,-46.67883,3
-23.514659,-46.677878,3
-23.514753,-46.67754,3
-23.514871,-46.676871,3
-23.515109,-46.674974,3
-23.515168,-46.674504,3
-23.515253,-46.673801,3
-23.515497,-46.671762,3
-23.515537,-46.671418,3
-23.515671,-46.669845,3
-23.515776,-46.668516,3
-23.515955,-46.667888,3
-23.516095,-46.667253,3
-23.516182,-46.666389,3
-23.51627,-46.66507,3
-23.51678,-46.661757,3
-23.517337,-46.656982,3
-23.517463,-46.656054,3
-23.517536,-46.655199,3
-23.517585,-46.654924,3
-23.517733,-46.654381,3
-23.5179,-46.652895,3
-23.517948,-46.651385,3
-23.518043,-46.650733,3
-23.518079,-46.650495,3
-23.51836,-46.648343,3
-23.51841,-46.647955,3
-23.51841,-46.647675,3
-23.518457,-46.646919,3
-23.518628,-46.645474,3
-23.519034,-46.643171,3
-23.519103,-46.64263,3
-23.519125,-46.642249,3
-23.519118,-46.641747,3
-23.519143,-46.640334,3
-23.519133,-46.638893,3
-23.51928,-46.637406,3
-23.519296,-46.635725,3
-23.519326,-46.635132,3
-23.51934,-46.634574,3
-23.519519,-46.632089,3
-23.519609,-46.631863,3
-23.519714,-46.631471,3
-23.519855,-46.630823,3
-23.519895,-46.630462,3
-23.519942,-46.629638,3
-23.519883,-46.628833,3
-23.519915,-46.628338,3
-23.519935,-46.628095,3
-23.519947,-46.627978,3
-23.519974,-46.627608,3
-23.520027,-46.626936,3
-23.520091,-46.625723,3
-23.520127,-46.624856,3
-23.520141,-46.62374,3
-23.520118,-46.623155,3
-23.520068,-46.622584,3
-23.519848,-46.621455,3
-23.519636,-46.620472,3
-23.519561,-46.619909,3
-23.519528,-46.619536,3
-23.519542,-46.618996,3
-23.51958,-46.618688,3
-23.519645,-46.618284,3
-23.519769,-46.617743,3
-23.519961,-46.617285,3
-23.520187,-46.616794,3
-23.520599,-46.616165,3
-23.520776,-46.615929,3
-23.521174,-46.615481,3
-23.522349,-46.613885,3
-23.522756,-46.613333,3
-23.522849,-46.613207,3
-23.523218,-46.612692,3
-23.523355,-46.61246,3
-23.523803,-46.611394,3
-23.523957,-46.610887,3
-23.524027,-46.610525,3
-23.524095,-46.610048,3
-23.524174,-46.609292,3
-23.524167,-46.608894,3
-23.524154,-46.608672,3
-23.524123,-46.608385,3
-23.524021,-46.607836,3
-23.523917,-46.607274,3
-23.523902,-46.607213,3
-23.523885,-46.60712,3
-23.523842,-46.606902,3
-23.523707,-46.606206,3
-23.523653,-46.605921,3
-23.523652,-46.605921,3
-23.523615,-46.605303,3
-23.523617,-46.60494,3
-23.523632,-46.604816,3
-23.523686,-46.604339,3
-23.523763,-46.603999,3
-23.523849,-46.603628,3
-23.5241,-46.602966,3
-23.524307,-46.60256,3
-23.524645,-46.602043,3
-23.525179,-46.601397,3
-23.525495,-46.600981,3
,,
-23.541775,-46.647851,3
-23.542798,-46.647881,3
-23.54384,-46.647908,3
-23.544701,-46.647929,3
-23.545412,-46.647964,3
,,
-23.469928,-46.654418,3
-23.470193,-46.653715,3
-23.470292,-46.653238,3
-23.470341,-46.653071,3
-23.470439,-46.652899,3
-23.470619,-46.652683,3
-23.470774,-46.652482,3
-23.470872,-46.652321,3
-23.470971,-46.652106,3
-23.471138,-46.651659,3
-23.471159,-46.651545,3
,,
-23.52501,-46.687512,3
-23.525013,-46.687213,3
-23.525024,-46.68682,3
-23.525033,-46.686162,3
-23.525039,-46.685394,3
-23.525057,-46.684577,3
-23.525066,-46.683956,3
-23.525076,-46.683865,3
-23.525122,-46.683663,3
-23.525227,-46.68333,3
-23.525546,-46.682496,3
,,
-23.528668,-46.631277,4
-23.528484,-46.631189,4
-23.528371,-46.631135,4
-23.528078,-46.630994,4
-23.527691,-46.630817,4
-23.52769,-46.630817,4
-23.527258,-46.630625,4
-23.526792,-46.630372,4
-23.526601,-46.630239,4
-23.526081,-46.629687,4
-23.525845,-46.629436,4
,,
-23.531003,-46.557692,3
-23.531125,-46.558065,3
-23.531431,-46.558926,3
-23.531553,-46.559289,3
-23.531846,-46.56015,3
-23.532127,-46.560983,3
,,
-23.528722,-46.631465,3
-23.528372,-46.631368,3
-23.526658,-46.631005,3
-23.526642,-46.631001,3
-23.525959,-46.630777,3
-23.525298,-46.630689,3
-23.524872,-46.630633,3
-23.524387,-46.630567,3
-23.52289,-46.63029,3
-23.522718,-46.63027,3
-23.521863,-46.630156,3
-23.521749,-46.63014,3
-23.521424,-46.630093,3
,,
-23.475383,-46.612736,4
-23.47518,-46.612876,4
-23.475179,-46.612876,4
-23.47455,-46.613196,4
-23.474419,-46.613289,4
-23.474293,-46.613409,4
-23.473982,-46.613786,4
,,
-23.510557,-46.685477,3
-23.510777,-46.684387,3
-23.510972,-46.683786,3
-23.511236,-46.683174,3
-23.511656,-46.682498,3
-23.511939,-46.682126,3
-23.51366,-46.679839,3
-23.513947,-46.679304,3
-23.514319,-46.678297,3
-23.514497,-46.677715,3
-23.514565,-46.677458,3
-23.514912,-46.674807,3
-23.515411,-46.670918,3
-23.515658,-46.668467,3
-23.515944,-46.667181,3
-23.516131,-46.665046,3
-23.517199,-46.656897,3
-23.517654,-46.653229,3
,,
-23.546313,-46.657967,3
-23.545377,-46.657496,3
-23.544478,-46.657072,3
-23.544176,-46.65692,3
-23.543614,-46.656641,3
-23.542585,-46.656179,3
-23.541538,-46.655744,3
,,
-23.518059,-46.731958,4
-23.5177,-46.73095,4
-23.515741,-46.727371,4
-23.515681,-46.727264,4
-23.514237,-46.724697,4
-23.513633,-46.723665,4
-23.513373,-46.723263,4
-23.512842,-46.722553,4
-23.512234,-46.72196,4
-23.510414,-46.720741,4
-23.510177,-46.720534,4
-23.50977,-46.720113,4
-23.509642,-46.719981,4
-23.509502,-46.719804,4
-23.509336,-46.719521,4
-23.509063,-46.718984,4
-23.508977,-46.718786,4
-23.508884,-46.718523,4
-23.508793,-46.718169,4
-23.508674,-46.717584,4
-23.508603,-46.716872,4
-23.508603,-46.716318,4
-23.509236,-46.708812,4
-23.509334,-46.707286,4
-23.508621,-46.698227,4
-23.508527,-46.696365,4
-23.50853,-46.695738,4
-23.508579,-46.695048,4
-23.508739,-46.693957,4
-23.509035,-46.692498,4
-23.509703,-46.688996,4
-23.510233,-46.685921,4
-23.510346,-46.685336,4
-23.510618,-46.684267,4
-23.510731,-46.683881,4
-23.510878,-46.683494,4
-23.511046,-46.683135,4
-23.511178,-46.682888,4
-23.511395,-46.682534,4
-23.512121,-46.681484,4
-23.512476,-46.68106,4
-23.513348,-46.679911,4
-23.513557,-46.679619,4
-23.513734,-46.679284,4
-23.513987,-46.678747,4
-23.514324,-46.677803,4
-23.514527,-46.676734,4
-23.515502,-46.668651,4
-23.516716,-46.659242,4
-23.517745,-46.651134,4
-23.518549,-46.644945,4
-23.518874,-46.643142,4
-23.518933,-46.642423,4
-23.518956,-46.641921,4
-23.51892,-46.63995,4
-23.518959,-46.637728,4
-23.518978,-46.637221,4
-23.519297,-46.632328,4
-23.519374,-46.63044,4
-23.519765,-46.626266,4
-23.51987,-46.62378,4
-23.519828,-46.623079,4
-23.519771,-46.622654,4
-23.519298,-46.620374,4
-23.519206,-46.619586,4
-23.519199,-46.619161,4
-23.519236,-46.618708,4
-23.519295,-46.618314,4
-23.519364,-46.618016,4
-23.519557,-46.617414,4
-23.519796,-46.616839,4
-23.519898,-46.616631,4
-23.520066,-46.616372,4
-23.521709,-46.614227,4
-23.522501,-46.613219,4
-23.522862,-46.612653,4
-23.523095,-46.612196,4
-23.52341,-46.611351,4
-23.523641,-46.610592,4
-23.523713,-46.610214,4
-23.523779,-46.609766,4
-23.523808,-46.609426,4
-23.523813,-46.608975,4
-23.523791,-46.608552,4
-23.523729,-46.607997,4
-23.523406,-46.606558,4
-23.523327,-46.60611,4
-23.523285,-46.605807,4
-23.523256,-46.605491,4
-23.523241,-46.605287,4
-23.523243,-46.604992,4
-23.523263,-46.604664,4
-23.523302,-46.604399,4
-23.523389,-46.604009,4
-23.523484,-46.603648,4
-23.523753,-46.602909,4
-23.523956,-46.6025,4
-23.524344,-46.601851,4
-23.525257,-46.600699,4
-23.526339,-46.599391,4
-23.528007,-46.597269,4
-23.529106,-46.5959,4
-23.5295,-46.595298,4
-23.529705,-46.594876,4
,,
-23.547163,-46.57911,3
-23.54682,-46.579188,3
-23.546118,-46.579377,3
-23.54518,-46.579598,3
-23.545181,-46.579599,3
-23.544189,-46.579791,3
-23.543265,-46.579975,3
-23.542222,-46.580288,3
-23.541668,-46.580449,3
-23.541137,-46.580591,3
-23.540189,-46.580831,3
-23.539478,-46.581032,3
-23.539147,-46.581196,3
-23.538203,-46.581848,3
-23.53805,-46.581926,3
-23.53783,-46.582013,3
-23.537457,-46.582127,3
-23.536572,-46.582357,3
-23.535538,-46.582583,3
-23.535265,-46.582651,3
-23.533033,-46.583226,3
,,
-23.466411,-46.679254,3
-23.465913,-46.679301,3
-23.465743,-46.679358,3
-23.465401,-46.679462,3
-23.465122,-46.679594,3
-23.464916,-46.679673,3
-23.464463,-46.679869,3
-23.464162,-46.680113,3
-23.464085,-46.680214,3
-23.464039,-46.680318,3
-23.464038,-46.680318,3
-23.463573,-46.681283,3
-23.463171,-46.68227,3
-23.463171,-46.682271,3
-23.46279,-46.683219,3
-23.462532,-46.683572,3
-23.462531,-46.683572,3
-23.462402,-46.68369,3
-23.462126,-46.683854,3
-23.461907,-46.68396,3
-23.4617,-46.68402,3
-23.461701,-46.68402,3
-23.461621,-46.684042,3
-23.461427,-46.684084,3
,,
-23.525735,-46.679969,3
-23.525791,-46.679462,3
-23.525961,-46.678231,3
-23.526009,-46.677884,3
-23.526151,-46.676604,3
-23.526185,-46.675496,3
-23.526204,-46.674753,3
-23.526217,-46.674597,3
-23.526248,-46.674422,3
-23.526355,-46.674086,3
-23.52647,-46.673819,3
-23.526561,-46.67361,3
,,
-23.538916,-46.545744,4
-23.53939,-46.544486,4
-23.539592,-46.543868,4
-23.539649,-46.543721,4
-23.539843,-46.543214,4
-23.540016,-46.542763,4
,,
-23.492575,-46.751085,3
-23.492494,-46.751177,3
-23.492395,-46.751229,3
-23.492266,-46.751234,3
-23.491755,-46.750857,3
-23.491476,-46.750792,3
-23.491129,-46.750699,3
-23.490656,-46.750557,3
-23.490329,-46.750465,3
-23.489709,-46.750269,3
-23.489708,-46.750269,3
-23.489336,-46.750044,3
-23.489123,-46.749815,3
-23.489113,-46.749799,3
-23.488979,-46.749601,3
-23.488831,-46.749337,3
-23.488707,-46.749147,3
-23.488467,-46.748778,3
-23.488245,-46.74848,3
-23.488161,-46.748391,3
-23.487729,-46.748018,3
-23.487577,-46.747921,3
-23.487426,-46.74787,3
-23.487103,-46.747786,3
-23.486751,-46.747651,3
-23.486603,-46.747548,3
-23.48648,-46.747457,3
-23.486341,-46.747309,3
-23.486242,-46.747107,3
-23.48621,-46.747027,3
-23.486142,-46.746892,3
-23.486132,-46.746874,3
-23.486028,-46.746613,3
-23.485781,-46.746216,3
-23.485536,-46.745911,3
-23.485447,-46.745799,3
-23.485405,-46.745747,3
-23.485084,-46.74531,3
,,
-23.525297,-46.675158,4
-23.525257,-46.6757,4
-23.525204,-46.676404,4
-23.52518,-46.676729,4
-23.525098,-46.677148,4
-23.525106,-46.677221,4
-23.525158,-46.677321,4
-23.525277,-46.677357,4
-23.525918,-46.677419,4
,,
-23.522212,-46.526099,3
-23.522426,-46.525533,3
-23.522566,-46.52479,3
-23.5226,-46.524605,3
-23.522683,-46.524152,3
-23.522786,-46.523631,3
-23.522823,-46.523434,3
-23.522922,-46.522924,3
-23.522957,-46.522735,3
-23.523006,-46.522395,3
-23.523066,-46.522083,3
-23.523087,-46.521619,3
-23.523127,-46.520959,3
-23.523138,-46.520717,3
-23.523165,-46.520369,3
-23.523153,-46.520141,3
-23.523107,-46.519955,3
-23.522969,-46.519511,3
-23.522395,-46.517956,3
-23.522133,-46.517488,3
-23.521717,-46.516809,3
-23.521716,-46.516808,3
-23.521267,-46.516039,3
-23.520961,-46.515553,3
-23.520354,-46.51466,3
,,
-23.531708,-46.663904,4
-23.531246,-46.664788,4
-23.531141,-46.665081,4
-23.530467,-46.666305,4
-23.530403,-46.666424,4
-23.52993,-46.667284,4
-23.529427,-46.668215,4
-23.52937,-46.668318,4
-23.528827,-46.669286,4
-23.527852,-46.671029,4
-23.527851,-46.671028,4
-23.526971,-46.672592,4
,,
-23.502258,-46.65804,3
-23.502206,-46.657865,3
-23.502093,-46.657517,3
-23.502023,-46.657232,3
-23.502027,-46.657026,3
-23.502102,-46.656849,3
-23.502439,-46.656339,3
-23.502775,-46.655863,3
-23.50295,-46.65556,3
-23.503033,-46.655347,3
-23.503075,-46.655137,3
-23.503076,-46.655043,3
-23.503077,-46.654866,3
-23.502964,-46.654026,3
,,
-23.527274,-46.663393,3
-23.527424,-46.663036,3
-23.527491,-46.662884,3
-23.527791,-46.662399,3
-23.527942,-46.662202,3
-23.528057,-46.662079,3
-23.528173,-46.661956,3
-23.528524,-46.661547,3
-23.529104,-46.661051,3
-23.529272,-46.660936,3
,,
-23.519639,-46.631269,3
-23.519797,-46.629913,3
-23.519809,-46.629512,3
-23.519785,-46.628853,3
-23.519868,-46.626641,3
-23.520014,-46.624227,3
-23.52002,-46.623331,3
-23.519948,-46.622588,3
-23.519585,-46.620951,3
-23.519457,-46.620276,3
-23.519397,-46.619884,3
-23.519364,-46.619427,3
-23.519366,-46.619084,3
-23.519384,-46.61881,3
-23.519438,-46.618367,3
-23.519526,-46.617992,3
-23.519639,-46.617606,3
-23.519728,-46.617375,3
-23.51994,-46.616904,3
-23.520178,-46.616492,3
-23.520658,-46.615876,3
-23.521039,-46.615418,3
-23.521216,-46.615221,3
-23.522117,-46.61397,3
-23.522525,-46.613461,3
-23.522745,-46.613157,3
-23.52308,-46.612628,3
-23.523262,-46.612308,3
-23.523593,-46.611479,3
-23.523867,-46.610675,3
-23.523941,-46.610278,3
-23.524022,-46.609693,3
-23.524047,-46.609296,3
-23.524047,-46.60895,3
-23.524027,-46.608599,3
-23.523814,-46.607498,3
-23.523607,-46.60673,3
-23.523526,-46.606298,3
-23.523447,-46.605613,3
-23.523422,-46.605298,3
-23.523415,-46.604966,3
-23.523447,-46.604533,3
-23.523521,-46.604093,3
-23.523659,-46.6036,3
-23.52393,-46.602945,3
-23.524202,-46.602409,3
-23.524464,-46.601965,3
-23.525553,-46.600654,3
-23.527697,-46.598045,3
-23.528663,-46.596834,3
-23.528919,-46.596478,3
-23.529335,-46.595861,3
-23.52961,-46.595408,3
-23.529964,-46.594705,3
-23.53006,-46.594451,3
-23.530336,-46.593552,3
-23.530447,-46.5929,3
,,
-23.593223,-46.646796,3
-23.593965,-46.64494,3
-23.594116,-46.644536,3
-23.594199,-46.64409,3
-23.594171,-46.643623,3
-23.594071,-46.642282,3
-23.59384,-46.640905,3
-23.593632,-46.639576,3
-23.593557,-46.638568,3
-23.593521,-46.63835,3
-23.593483,-46.638247,3
-23.593368,-46.638023,3
-23.59283,-46.637171,3
-23.59269,-46.636897,3
,,
-23.570762,-46.709857,3
-23.57029,-46.711336,3
-23.570198,-46.711624,3
-23.569601,-46.713494,3
-23.569405,-46.714109,3
-23.569315,-46.714391,3
,,
-23.565116,-46.679745,3
-23.565383,-46.680241,3
-23.565563,-46.680574,3
-23.565926,-46.681278,3
-23.566074,-46.68155,3
-23.566915,-46.683157,3
-23.567286,-46.683866,3
-23.567685,-46.684627,3
-23.568115,-46.685409,3
-23.568289,-46.685738,3
-23.568648,-46.68639,3
-23.569263,-46.687484,3
-23.569317,-46.687595,3
,,
-23.570403,-46.632909,3
-23.570593,-46.633032,3
-23.570769,-46.633127,3
-23.570948,-46.633196,3
-23.57123,-46.633257,3
-23.571508,-46.633281,3
-23.571662,-46.633285,3
-23.571889,-46.633258,3
-23.57213,-46.633192,3
-23.572357,-46.633083,3
-23.572706,-46.632885,3
-23.572867,-46.632726,3
-23.573022,-46.63253,3
-23.573165,-46.632329,3
-23.573261,-46.632166,3
-23.573325,-46.631989,3
-23.573359,-46.631844,3
-23.573421,-46.631199,3
,,
-23.644456,-46.729193,5
-23.644552,-46.728196,5
-23.644632,-46.727537,5
,,
-23.638443,-46.767238,3
-23.638741,-46.767024,3
-23.638895,-46.766952,3
-23.639579,-46.766634,3
-23.640343,-46.766468,3
-23.640794,-46.766418,3
-23.641323,-46.766462,3
-23.641729,-46.766339,3
,,
-23.552078,-46.521032,4
-23.552295,-46.520651,4
-23.55267,-46.51998,4
-23.553036,-46.519383,4
-23.55326,-46.51906,4
-23.553469,-46.518823,4
-23.553621,-46.518671,4
-23.553756,-46.518567,4
-23.554469,-46.518014,4
-23.555253,-46.517477,4
-23.555371,-46.517382,4
,,
-23.598045,-46.688063,4
-23.59794,-46.68816,4
-23.59721,-46.689693,4
-23.596999,-46.690008,4
-23.596722,-46.690494,4
-23.596514,-46.690823,4
,,
-23.602957,-46.528164,3
-23.603098,-46.52879,3
-23.603102,-46.52898,3
-23.603083,-46.52916,3
-23.603007,-46.529407,3
-23.602908,-46.529605,3
-23.602665,-46.529933,3
-23.602162,-46.530348,3
-23.601959,-46.530612,3
-23.601958,-46.530612,3
-23.601751,-46.530946,3
-23.601673,-46.531139,3
-23.601643,-46.531253,3
-23.601607,-46.531529,3
-23.601608,-46.531529,3
-23.601586,-46.531717,3
-23.601543,-46.532086,3
-23.60148,-46.532595,3
-23.601482,-46.533003,3
-23.601505,-46.533434,3
-23.601532,-46.533623,3
,,
-23.575056,-46.668533,3
-23.57407,-46.667142,3
-23.573982,-46.667018,3
-23.572423,-46.664827,3
-23.571358,-46.663376,3
-23.571087,-46.663011,3
-23.570942,-46.662815,3
-23.570722,-46.662521,3
-23.570666,-46.662458,3
-23.570362,-46.662128,3
-23.568738,-46.660548,3
-23.567122,-46.658995,3
,,
-23.607498,-46.745183,4
-23.607045,-46.745643,4
-23.606859,-46.74579,4
-23.605974,-46.746295,4
-23.605548,-46.74653,4
,,
-23.604131,-46.747282,3
-23.605435,-46.746593,3
-23.605548,-46.74653,3
-23.605974,-46.746295,3
-23.606859,-46.74579,3
-23.607045,-46.745643,3
-23.607498,-46.745183,3
,,
-23.596265,-46.636723,3
-23.597129,-46.636731,3
-23.598466,-46.636744,3
-23.599659,-46.636745,3
,,
-23.57824,-46.681201,3
-23.578479,-46.681465,3
-23.578986,-46.68199,3
-23.579152,-46.682174,3
-23.579322,-46.682361,3
-23.580261,-46.6834,3
-23.580322,-46.68357,3
-23.58052,-46.683805,3
-23.581111,-46.684416,3
-23.581406,-46.684705,3
-23.582295,-46.68563,3
-23.583008,-46.686363,3
-23.583586,-46.686969,3
-23.584039,-46.687431,3
-23.585559,-46.689036,3
,,
-23.572587,-46.607695,3
-23.571438,-46.607808,3
-23.569578,-46.607977,3
-23.56913,-46.608036,3
-23.568997,-46.608022,3
,,
-23.644632,-46.727537,5
-23.644821,-46.725681,5
-23.644838,-46.72443,5
,,
-23.564743,-46.689448,3
-23.564161,-46.688484,3
-23.563883,-46.688019,3
-23.563576,-46.687521,3
-23.563006,-46.686555,3
-23.561867,-46.684695,3
-23.560794,-46.682852,3
-23.560243,-46.681955,3
-23.559776,-46.681205,3
-23.559717,-46.681103,3
-23.559208,-46.680308,3
-23.559062,-46.680058,3
-23.558952,-46.679878,3
-23.558475,-46.679097,3
-23.557901,-46.678122,3
-23.557314,-46.677129,3
-23.557005,-46.67662,3
-23.556736,-46.676177,3
,,
-23.563375,-46.514893,3
-23.56365,-46.514596,3
-23.564424,-46.513731,3
-23.564765,-46.513364,3
-23.565117,-46.512992,3
-23.565509,-46.51258,3
-23.566892,-46.51113,3
-23.567166,-46.51084,3
-23.568257,-46.509694,3
-23.569189,-46.508714,3
-23.569287,-46.508611,3
-23.569395,-46.508497,3
-23.569567,-46.508317,3
-23.569617,-46.508265,3
,,
-23.55594,-46.639212,3
-23.556087,-46.638252,3
-23.556547,-46.63572,3
-23.556674,-46.63477,3
-23.556615,-46.63299,3
,,
-23.603236,-46.661968,3
-23.604023,-46.662713,3
-23.604194,-46.662875,3
-23.604529,-46.663193,3
-23.605613,-46.66422,3
-23.605682,-46.664285,3
-23.605918,-46.664509,3
-23.606408,-46.664973,3
-23.607184,-46.665709,3
-23.607958,-46.666442,3
-23.608779,-46.66722,3
-23.608875,-46.667311,3
-23.609539,-46.66794,3
-23.61034,-46.668699,3
,,
-23.599491,-46.651319,5
-23.601405,-46.651499,5
,,
-23.612604,-46.481374,4
-23.612675,-46.480682,4
-23.61273,-46.480341,4
-23.612732,-46.480321,4
-23.612808,-46.479702,4
-23.612827,-46.479307,4
-23.612818,-46.4791,4
-23.612723,-46.478577,4
-23.612431,-46.477339,4
-23.612426,-46.477317,4
-23.612345,-46.476914,4
-23.612286,-46.476641,4
-23.612274,-46.476478,4
-23.612315,-46.47623,4
,,
-23.582018,-46.638582,3
-23.582815,-46.638155,3
-23.583066,-46.638021,3
-23.584008,-46.637517,3
-23.584181,-46.637424,3
-23.585087,-46.636955,3
-23.58667,-46.635926,3
-23.586956,-46.635763,3
-23.587109,-46.635678,3
-23.587178,-46.635653,3
-23.58855,-46.635345,3
-23.588764,-46.635297,3
-23.589269,-46.6352,3
-23.589767,-46.635171,3
-23.590448,-46.635264,3
-23.590769,-46.635401,3
-23.591113,-46.635615,3
-23.591252,-46.635735,3
-23.591843,-46.63631,3
-23.592062,-46.636434,3
-23.592302,-46.636543,3
-23.592615,-46.636635,3
-23.592616,-46.636635,3
-23.592818,-46.636653,3
-23.592891,-46.63666,3
-23.593202,-46.636661,3
-23.594491,-46.636705,3
-23.595003,-46.63671,3
-23.59558,-46.636716,3
,,
-23.629228,-46.629367,3
-23.628863,-46.627113,3
-23.628558,-46.625048,3
-23.628442,-46.623939,3
-23.628246,-46.622287,3
-23.628027,-46.620093,3
-23.627751,-46.619073,3
-23.627405,-46.618125,3
-23.626779,-46.617036,3
-23.626631,-46.616779,3
-23.626344,-46.616256,3
-23.626116,-46.615888,3
-23.625784,-46.615424,3
-23.625524,-46.615085,3
-23.625286,-46.614741,3
-23.625165,-46.614594,3
-23.624841,-46.614198,3
-23.624101,-46.613398,3
-23.623744,-46.613056,3
-23.62322,-46.612611,3
-23.6229,-46.61236,3
,,
-23.597668,-46.65672,3
-23.59883,-46.657833,3
-23.599971,-46.658904,3
-23.600069,-46.658995,3
-23.600404,-46.659318,3
-23.600852,-46.659745,3
-23.601633,-46.660492,3
-23.602421,-46.661243,3
,,
-23.58018,-46.770436,4
-23.580514,-46.770916,4
-23.58106,-46.771492,4
-23.581387,-46.771793,4
-23.581736,-46.772122,4
-23.582377,-46.772727,4
-23.582625,-46.772961,4
-23.582704,-46.773074,4
-23.582756,-46.7732,4
-23.582884,-46.773737,4
,,
-23.54516,-46.585534,3
-23.544613,-46.585974,3
-23.544462,-46.586097,3
-23.543793,-46.586666,3
-23.543651,-46.586788,3
-23.543342,-46.587052,3
,,
-23.588847,-46.72283,4
-23.588248,-46.723218,4
-23.58804,-46.72335,4
-23.586724,-46.724185,4
-23.58662,-46.72422,4
,,
-23.578397,-46.660551,3
-23.578021,-46.66013,3
-23.577597,-46.659656,3
-23.577598,-46.659656,3
-23.5775,-46.659551,3
-23.577455,-46.659499,3
-23.576868,-46.658848,3
-23.576275,-46.6582,3
-23.576085,-46.657996,3
-23.575899,-46.657796,3
-23.575861,-46.657753,3
-23.575532,-46.657375,3
-23.574982,-46.656772,3
-23.574615,-46.656366,3
-23.574462,-46.656195,3
-23.574343,-46.656062,3
-23.573764,-46.655426,3
-23.573197,-46.654812,3
-23.572919,-46.654503,3
-23.572693,-46.654252,3
-23.572583,-46.65413,3
-23.572454,-46.653987,3
-23.572453,-46.653987,3
-23.57208,-46.653585,3
,,
-23.564848,-46.652224,3
-23.563616,-46.653706,3
-23.56307,-46.654375,3
-23.562574,-46.654987,3
-23.561939,-46.655742,3
-23.561321,-46.656437,3
-23.560804,-46.657016,3
-23.559978,-46.657939,3
-23.559153,-46.658863,3
-23.558024,-46.660127,3
,,
-23.564735,-46.575477,3
-23.561764,-46.57634,3
-23.560893,-46.576579,3
-23.55996,-46.576863,3
-23.559654,-46.576978,3
-23.559261,-46.577188,3
-23.559104,-46.577259,3
-23.558708,-46.577446,3
-23.55825,-46.577602,3
-23.558013,-46.57761,3
-23.557738,-46.577594,3
,,
-23.6486,-46.754534,3
-23.648568,-46.754973,3
-23.648584,-46.756095,3
-23.648589,-46.756438,3
-23.648589,-46.756663,3
-23.648593,-46.757651,3
-23.648582,-46.757943,3
,,
-23.53932,-46.408169,4
-23.538965,-46.407857,4
-23.538748,-46.407694,4
-23.538524,-46.407478,4
-23.538017,-46.406624,4
-23.538006,-46.406606,4
-23.537578,-46.405922,4
-23.537434,-46.405649,4
-23.537225,-46.405209,4
-23.537224,-46.405209,4
-23.536958,-46.404697,4
-23.536959,-46.404698,4
-23.536917,-46.404623,4
-23.536677,-46.404171,4
-23.536425,-46.403707,4
-23.536366,-46.403601,4
-23.535866,-46.402731,4
-23.535652,-46.402319,4
-23.535401,-46.401831,4
-23.535146,-46.401333,4
-23.534927,-46.400924,4
-23.53467,-46.400405,4
-23.534342,-46.399804,4
-23.534246,-46.399628,4
,,
-23.556367,-46.629819,3
-23.556418,-46.629502,3
-23.556378,-46.628821,3
-23.556346,-46.628558,3
-23.556282,-46.628312,3
-23.556194,-46.628104,3
-23.556092,-46.627933,3
-23.555941,-46.627716,3
-23.555781,-46.627539,3
-23.55557,-46.627388,3
-23.55467,-46.626979,3
-23.554491,-46.626908,3
-23.554137,-46.62663,3
-23.553492,-46.625668,3
-23.553383,-46.625548,3
-23.553293,-46.62547,3
-23.55317,-46.625404,3
-23.552968,-46.625346,3
-23.552262,-46.625387,3
,,
-23.593941,-46.527536,3
-23.594256,-46.527222,3
-23.594399,-46.527002,3
-23.594453,-46.526895,3
-23.594557,-46.526611,3
-23.5946,-46.526436,3
-23.594695,-46.525894,3
-23.594833,-46.525223,3
-23.594899,-46.525049,3
-23.594948,-46.524945,3
-23.595066,-46.524779,3
-23.595284,-46.524562,3
-23.595532,-46.524337,3
-23.595688,-46.52421,3
-23.595742,-46.524165,3
-23.596033,-46.523935,3
-23.59661,-46.523506,3
-23.596664,-46.523467,3
-23.596972,-46.523244,3
-23.597248,-46.523045,3
-23.597415,-46.522923,3
-23.59746,-46.522891,3
-23.597671,-46.522739,3
-23.59767,-46.522738,3
-23.597955,-46.522534,3
-23.598195,-46.522299,3
,,
-23.565733,-46.711791,3
-23.567259,-46.71174,3
-23.568048,-46.711701,3
-23.568745,-46.711667,3
-23.570009,-46.711634,3
-23.570198,-46.711624,3
-23.570342,-46.711613,3
-23.570594,-46.711595,3
-23.571391,-46.71154,3
-23.571961,-46.711475,3
-23.572615,-46.711315,3
-23.57275,-46.711281,3
,,
-23.569317,-46.687595,3
-23.570594,-46.689888,3
-23.571019,-46.690777,3
-23.57125,-46.692876,3
-23.571246,-46.693542,3
,,
-23.597626,-46.662046,4
-23.598439,-46.661038,4
-23.598629,-46.660804,4
-23.599247,-46.660038,4
,,
-23.61861,-46.676241,3
-23.617811,-46.675481,3
-23.61703,-46.674737,3
-23.616243,-46.673989,3
-23.61545,-46.673235,3
,,
-23.637904,-46.653532,3
-23.637873,-46.654155,3
-23.637847,-46.654777,3
-23.637846,-46.654777,3
-23.637827,-46.655357,3
-23.63784,-46.655528,3
-23.637865,-46.655699,3
-23.638131,-46.656606,3
-23.638455,-46.657671,3
,,
-23.56763,-46.695589,3
-23.567604,-46.695307,3
-23.567566,-46.694908,3
-23.567487,-46.694085,3
-23.567267,-46.693719,3
-23.567169,-46.693541,3
-23.566737,-46.692756,3
-23.566549,-46.692445,3
-23.565873,-46.69135,3
-23.565317,-46.690421,3
,,
-23.63769,-46.641315,3
-23.638319,-46.641325,3
-23.639596,-46.641395,3
-23.640144,-46.641379,3
-23.640372,-46.641393,3
-23.641631,-46.641458,3
-23.642012,-46.641476,3
,,
-23.648678,-46.761641,3
-23.648695,-46.761906,3
-23.648694,-46.762164,3
-23.648655,-46.762336,3
-23.648574,-46.762489,3
-23.648393,-46.762687,3
-23.648113,-46.762948,3
-23.647823,-46.763224,3
-23.647261,-46.763543,3
-23.646957,-46.763666,3
-23.646721,-46.763734,3
-23.646523,-46.763775,3
-23.646312,-46.763784,3
-23.645702,-46.76378,3
-23.645501,-46.763794,3
-23.64526,-46.763845,3
-23.644304,-46.76413,3
,,
-23.644013,-46.731123,3
-23.643936,-46.731434,3
-23.643754,-46.732378,3
-23.643637,-46.733038,3
-23.643626,-46.733101,3
-23.643572,-46.733377,3
-23.643562,-46.73342,3
-23.643437,-46.734,3
-23.64326,-46.73482,3
-23.643198,-46.735117,3
-23.64288,-46.736444,3
,,
-23.571629,-46.643688,3
-23.571026,-46.643756,3
-23.570208,-46.64382,3
-23.570111,-46.643825,3
-23.568744,-46.643917,3
,,
-23.587089,-46.671528,3
-23.587885,-46.671759,3
-23.589033,-46.672096,3
-23.590111,-46.672429,3
-23.590887,-46.672623,3
-23.591649,-46.672729,3
-23.592219,-46.67281,3
,,
-23.645021,-46.729981,3
-23.645447,-46.729998,3
-23.645659,-46.730067,3
-23.645809,-46.730116,3
-23.646161,-46.73027,3
-23.646697,-46.730608,3
-23.646882,-46.730726,3
-23.647143,-46.730951,3
-23.647157,-46.730965,3
-23.647321,-46.731128,3
-23.647909,-46.731593,3
-23.648063,-46.731697,3
-23.648163,-46.731759,3
-23.648407,-46.731913,3
-23.648727,-46.732115,3
-23.648945,-46.732201,3
-23.649384,-46.732564,3
-23.649989,-46.733056,3
-23.650183,-46.733227,3
-23.650369,-46.73336,3
-23.650521,-46.733451,3
-23.650692,-46.733544,3
-23.65083,-46.733593,3
-23.651054,-46.733655,3
-23.651553,-46.733764,3
-23.652161,-46.733887,3
-23.652682,-46.734003,3
-23.6528,-46.734065,3
-23.652956,-46.734217,3
-23.653167,-46.734453,3
-23.653824,-46.735123,3
-23.653976,-46.735251,3
-23.654456,-46.735513,3
-23.654696,-46.73563,3
-23.654869,-46.735686,3
-23.655219,-46.735752,3
-23.655909,-46.735823,3
-23.656523,-46.73587,3
-23.656837,-46.735897,3
,,
-23.563587,-46.646053,3
-23.565082,-46.647324,3
-23.565464,-46.647619,3
-23.566466,-46.648332,3
,,
-23.582952,-46.590542,3
-23.585661,-46.589255,3
,,
-23.587639,-46.596702,3
-23.588186,-46.595463,3
-23.588253,-46.595179,3
-23.588278,-46.594916,3
-23.588281,-46.594728,3
-23.588254,-46.594485,3
-23.58806,-46.593715,3
-23.587884,-46.592937,3
-23.587634,-46.591576,3
,,
-23.619146,-46.662245,3
-23.619834,-46.662075,3
-23.620514,-46.662007,3
-23.621542,-46.661924,3
-23.622973,-46.661839,3
-23.623837,-46.661771,3
-23.624453,-46.661786,3
-23.625231,-46.661869,3
-23.625598,-46.661922,3
-23.625823,-46.661901,3
-23.626229,-46.661756,3
-23.626588,-46.661659,3
-23.627006,-46.661657,3
-23.627366,-46.661757,3
-23.627827,-46.662061,3
-23.627969,-46.662224,3
-23.628175,-46.662492,3
-23.628255,-46.66264,3
-23.628704,-46.664377,3
-23.628964,-46.665525,3
-23.629174,-46.66648,3
-23.629313,-46.66712,3
-23.629559,-46.667741,3
-23.629702,-46.667998,3
-23.629938,-46.668277,3
-23.630281,-46.668581,3
-23.630486,-46.668712,3
-23.63086,-46.668906,3
,,
-23.596984,-46.609841,4
-23.597809,-46.609761,4
-23.598033,-46.60974,4
-23.598778,-46.609658,4
-23.59896,-46.609638,4
-23.599093,-46.609624,4
-23.60013,-46.609537,4
-23.60117,-46.609438,4
-23.602162,-46.609346,4
,,
-23.549931,-46.653706,3
-23.549128,-46.652316,3
-23.548868,-46.651642,3
-23.548522,-46.650531,3
-23.548479,-46.650397,3
-23.548026,-46.648998,3
-23.547968,-46.64883,3
-23.547627,-46.647781,3
-23.547473,-46.647319,3
,,
-23.5825,-46.713332,3
-23.58303,-46.714639,3
-23.583506,-46.715833,3
-23.583898,-46.716858,3
-23.584122,-46.717246,3
-23.584384,-46.717596,3
-23.584495,-46.717813,3
-23.584666,-46.718322,3
-23.584741,-46.718707,3
-23.584803,-46.719165,3
,,
-23.559084,-46.582238,3
-23.5588,-46.581863,3
-23.558684,-46.581688,3
-23.558618,-46.58152,3
-23.558404,-46.580419,3
-23.55816,-46.579113,3
-23.557939,-46.578229,3
,,
-23.580399,-46.679185,3
-23.580419,-46.679364,3
-23.580432,-46.680197,3
-23.580386,-46.681022,3
-23.580349,-46.682046,3
-23.580313,-46.683034,3
-23.580261,-46.6834,3
,,
-23.614597,-46.475995,4
-23.6132,-46.475609,4
-23.612711,-46.475552,4
-23.612573,-46.475498,4
-23.612499,-46.475457,4
-23.612426,-46.475397,4
,,
-23.55213,-46.60981,3
-23.551475,-46.60858,3
-23.55075,-46.607275,3
-23.550683,-46.607157,3
-23.550471,-46.606748,3
-23.549698,-46.605333,3
-23.548273,-46.602798,3
-23.548274,-46.602798,3
-23.548148,-46.602578,3
,,
-23.630751,-46.67258,3
-23.631515,-46.671798,3
-23.632257,-46.67101,3
-23.633028,-46.670159,3
-23.633168,-46.669952,3
-23.633692,-46.669199,3
-23.633761,-46.669094,3
,,
-23.549361,-46.535705,3
-23.549203,-46.536056,3
-23.54913,-46.536219,3
-23.548914,-46.536703,3
-23.548777,-46.53701,3
-23.548678,-46.537231,3
-23.548631,-46.537335,3
-23.548461,-46.537715,3
-23.548211,-46.538274,3
-23.548157,-46.538394,3
-23.547763,-46.539275,3
-23.547577,-46.53969,3
-23.547299,-46.540313,3
-23.546844,-46.541328,3
-23.546596,-46.541883,3
-23.546385,-46.542355,3
-23.545931,-46.54337,3
,,
-23.547068,-46.736168,3
-23.547413,-46.736513,3
-23.547992,-46.73709,3
-23.549503,-46.738648,3
-23.550978,-46.740205,3
,,
-23.577618,-46.673761,3
-23.577363,-46.673333,3
-23.577265,-46.673102,3
-23.577211,-46.672861,3
-23.577211,-46.67286,3
-23.577161,-46.671901,3
-23.577162,-46.671901,3
-23.577039,-46.671462,3
,,
-23.634442,-46.669341,4
-23.634736,-46.669368,4
-23.635005,-46.669452,4
-23.635192,-46.669542,4
-23.635313,-46.669645,4
-23.635862,-46.669922,4
-23.636503,-46.67051,4
-23.637569,-46.671531,4
-23.637937,-46.671881,4
-23.638628,-46.672541,4
-23.638948,-46.672833,4
-23.639678,-46.673533,4
-23.63983,-46.673661,4
-23.640086,-46.673791,4
-23.640241,-46.673832,4
-23.640335,-46.673829,4
-23.640423,-46.67381,4
-23.640596,-46.673742,4
-23.641043,-46.673517,4
,,
-23.644852,-46.723574,5
-23.644863,-46.722943,5
,,
-23.595819,-46.654766,3
-23.595822,-46.65476,3
-23.596311,-46.652397,3
-23.596333,-46.652071,3
-23.596364,-46.651625,3
-23.596407,-46.65099,3
,,
-23.570933,-46.652329,3
-23.570685,-46.652056,3
-23.570182,-46.651501,3
-23.570181,-46.651501,3
-23.569837,-46.651127,3
-23.569493,-46.650748,3
-23.56861,-46.64988,3
-23.56791,-46.649254,3
-23.567679,-46.64907,3
-23.567551,-46.648992,3
-23.566466,-46.648332,3
-23.565464,-46.647619,3
,,
-23.613979,-46.693307,4
-23.61374,-46.694257,4
-23.613353,-46.69555,4
,,
-23.56131,-46.621709,3
-23.559851,-46.621848,3
-23.558293,-46.621986,3
,,
-23.591807,-46.651117,4
-23.592064,-46.651011,4
-23.592447,-46.650886,4
-23.59352,-46.650786,4
-23.59388,-46.650815,4
-23.595226,-46.650907,4
-23.596163,-46.650973,4
-23.596407,-46.65099,4
-23.597709,-46.65113,4
,,
-23.613187,-46.696591,3
-23.613187,-46.696601,3
-23.612809,-46.697592,3
-23.612756,-46.697817,3
-23.61272,-46.698037,3
-23.612709,-46.698177,3
-23.61272,-46.698558,3
-23.612873,-46.699185,3
-23.613107,-46.699733,3
-23.613255,-46.699974,3
-23.613621,-46.700382,3
-23.613846,-46.70058,3
-23.614298,-46.700897,3
-23.614642,-46.701025,3
-23.615881,-46.701315,3
-23.61618,-46.701373,3
-23.616488,-46.701409,3
-23.6169,-46.701422,3
,,
-23.611112,-46.476148,3
-23.609727,-46.477069,3
-23.60837,-46.47798,3
-23.607012,-46.478884,3
-23.606351,-46.47933,3
-23.605783,-46.479807,3
-23.605284,-46.480235,3
-23.604714,-46.48072,3
-23.604142,-46.481205,3
-23.603153,-46.482065,3
-23.60201,-46.483019,3
-23.600871,-46.483985,3
-23.59973,-46.484945,3
-23.598581,-46.485914,3
,,
-23.595375,-46.718142,4
-23.595506,-46.718248,4
-23.595798,-46.71845,4
-23.596105,-46.718646,4
-23.596784,-46.719111,4
-23.597299,-46.719485,4
-23.59739,-46.719552,4
-23.597571,-46.719682,4
,,
-23.59432,-46.673054,3
-23.595211,-46.673216,3
-23.595668,-46.673298,3
-23.597212,-46.673944,3
-23.597287,-46.673964,3
-23.597441,-46.674005,3
-23.597575,-46.674017,3
-23.597802,-46.674039,3
-23.597948,-46.674041,3
-23.598205,-46.674038,3
-23.598546,-46.674017,3
-23.599337,-46.67396,3
-23.60004,-46.673984,3
-23.600451,-46.674031,3
-23.601083,-46.674116,3
-23.601818,-46.674233,3
-23.602138,-46.674316,3
-23.602648,-46.674502,3
-23.603111,-46.674668,3
-23.603913,-46.674964,3
-23.604072,-46.675022,3
-23.604673,-46.675234,3
-23.605241,-46.675459,3
-23.605633,-46.675605,3
-23.606045,-46.675764,3
,,
-23.644838,-46.72443,5
-23.644852,-46.723574,5
,,
-23.578225,-46.641028,3
-23.578342,-46.641037,3
-23.578658,-46.640984,3
-23.578844,-46.64093,3
-23.57941,-46.640612,3
-23.579701,-46.640393,3
-23.579906,-46.640218,3
-23.580553,-46.639668,3
-23.581506,-46.638858,3
,,
-23.552322,-46.609779,3
-23.552338,-46.609638,3
-23.552358,-46.609449,3
-23.552531,-46.6078,3
-23.552565,-46.607477,3
-23.552715,-46.605959,3
-23.552833,-46.60484,3
-23.552901,-46.604142,3
-23.553076,-46.60255,3
-23.55309,-46.602345,3
-23.553014,-46.602194,3
-23.552986,-46.601735,3
-23.553145,-46.599954,3
,,
-23.552262,-46.625387,4
-23.5521,-46.62528,4
-23.552009,-46.625189,4
-23.55194,-46.625066,4
-23.551918,-46.624931,4
-23.551913,-46.624749,4
-23.552068,-46.623564,4
-23.552213,-46.622396,4
-23.552229,-46.622069,4
-23.552245,-46.621718,4
-23.552293,-46.621369,4
-23.552442,-46.620281,4
-23.552582,-46.619099,4
-23.552635,-46.618655,4
-23.552742,-46.618346,4
-23.552891,-46.616877,4
-23.552977,-46.615987,4
-23.553016,-46.615511,4
,,
-23.63086,-46.668906,4
-23.631326,-46.669076,4
-23.631645,-46.669144,4
-23.632141,-46.669212,4
-23.634718,-46.669182,4
-23.634895,-46.669225,4
-23.635084,-46.669299,4
-23.63543,-46.66951,4
-23.635862,-46.669922,4
,,
-23.645598,-46.752223,3
-23.645837,-46.752736,3
-23.64594,-46.753011,3
-23.645983,-46.753274,3
-23.645985,-46.753498,3
-23.645976,-46.753723,3
-23.645929,-46.754056,3
-23.645882,-46.754372,3
-23.645898,-46.754507,3
-23.645919,-46.754946,3
-23.64595,-46.755193,3
-23.645987,-46.755361,3
-23.64603,-46.755558,3
-23.646116,-46.755865,3
-23.646275,-46.756245,3
-23.646388,-46.756464,3
-23.646917,-46.757225,3
-23.647159,-46.757556,3
-23.647318,-46.757732,3
-23.647453,-46.757855,3
-23.647665,-46.758,3
-23.647884,-46.758131,3
-23.6481,-46.75823,3
-23.648229,-46.758309,3
-23.648369,-46.758445,3
-23.648498,-46.758631,3
-23.648655,-46.758841,3
-23.648739,-46.758952,3
-23.648893,-46.759092,3
-23.649318,-46.759318,3
-23.649635,-46.759528,3
,,
-23.571056,-46.691566,3
-23.571246,-46.693542,3
-23.571282,-46.693884,3
-23.571301,-46.694065,3
-23.57136,-46.694669,3
-23.571483,-46.695222,3
-23.571505,-46.695456,3
-23.571555,-46.696141,3
-23.571757,-46.698154,3
,,
-23.580727,-46.602298,3
-23.58188,-46.602189,3
-23.583082,-46.60207,3
-23.584205,-46.601976,3
,,
-23.634056,-46.668621,3
-23.635483,-46.666201,3
-23.6365,-46.664828,3
-23.637882,-46.662747,3
-23.638053,-46.662478,3
,,
-23.546575,-46.623226,4
-23.546328,-46.622802,4
-23.546249,-46.622622,4
-23.545923,-46.621913,4
-23.545534,-46.62106,4
-23.545512,-46.62086,4
-23.545375,-46.620726,4
-23.545199,-46.620429,4
-23.544798,-46.619731,4
-23.54474,-46.619624,4
,,
-23.60034,-46.684452,3
-23.600454,-46.68427,3
-23.600942,-46.683652,3
-23.601417,-46.683062,3
-23.601536,-46.682849,3
-23.601884,-46.682426,3
-23.602166,-46.682082,3
-23.602833,-46.681338,3
-23.603038,-46.681101,3
-23.604061,-46.680029,3
,,
-23.587472,-46.763047,3
-23.58751,-46.763169,3
-23.588082,-46.764989,3
-23.58868,-46.766793,3
-23.58883,-46.766935,3
-23.588964,-46.767017,3
-23.589097,-46.76708,3
-23.589246,-46.767119,3
-23.589684,-46.767216,3
-23.590004,-46.767266,3
-23.590136,-46.767352,3
-23.590233,-46.767452,3
-23.590288,-46.767543,3
-23.590337,-46.767703,3
-23.590343,-46.767838,3
-23.590304,-46.768009,3
,,
-23.566059,-46.6685,3
-23.565548,-46.667969,3
-23.564733,-46.667119,3
-23.563722,-46.666065,3
-23.563721,-46.666065,3
-23.56268,-46.664989,3
-23.562431,-46.66474,3
-23.561649,-46.663907,3
-23.560755,-46.662976,3
-23.55988,-46.662049,3
-23.559,-46.661117,3
-23.558151,-46.660245,3
-23.558024,-46.660127,3
-23.556921,-46.65897,3
-23.556241,-46.658247,3
,,
-23.552635,-46.618655,4
-23.552619,-46.618307,4
-23.553074,-46.613366,4
-23.553081,-46.613074,4
-23.553073,-46.612788,4
-23.553025,-46.612286,4
-23.552959,-46.611964,4
-23.552833,-46.611519,4
-23.552659,-46.610936,4
-23.552331,-46.610233,4
-23.55213,-46.60981,4
,,
-23.644771,-46.717555,3
-23.644812,-46.718336,3
-23.644804,-46.718703,3
-23.644791,-46.719375,3
-23.644782,-46.719805,3
-23.644722,-46.722779,3
,,
-23.546889,-46.579592,3
-23.548854,-46.579117,3
-23.549392,-46.578954,3
-23.550199,-46.578595,3
-23.552704,-46.577217,3
-23.553392,-46.576991,3
-23.553663,-46.576952,3
-23.553902,-46.576928,3
-23.554186,-46.576948,3
-23.554694,-46.577006,3
-23.555264,-46.577154,3
-23.556745,-46.577554,3
,,
-23.548112,-46.602515,3
-23.547798,-46.601943,3
-23.547549,-46.601462,3
-23.54673,-46.600034,3
-23.54573,-46.59829,3
-23.545437,-46.597492,3
-23.545243,-46.596847,3
-23.545087,-46.595982,3
-23.545061,-46.595715,3
,,
-23.54487,-46.619599,4
-23.544652,-46.619374,4
-23.543674,-46.617809,4
-23.542923,-46.616561,4
-23.542828,-46.616404,4
,,
-23.641631,-46.641458,3
-23.640372,-46.641393,3
-23.640144,-46.641379,3
-23.63959,-46.641299,3
-23.638357,-46.641218,3
-23.637599,-46.641196,3
-23.637348,-46.641193,3
-23.636586,-46.641159,3
,,
-23.555835,-46.577951,3
-23.556525,-46.578062,3
-23.557259,-46.578179,3
-23.557491,-46.578161,3
-23.557891,-46.578044,3
,,
-23.603942,-46.651668,3
-23.605066,-46.651775,3
-23.6059,-46.651844,3
-23.606178,-46.65192,3
-23.606423,-46.652014,3
-23.606687,-46.652119,3
-23.606978,-46.652303,3
-23.607424,-46.652665,3
-23.607509,-46.652745,3
,,
-23.644863,-46.722943,5
-23.644866,-46.722772,5
,,
-23.570523,-46.689579,3
-23.569957,-46.688512,3
-23.569774,-46.688149,3
-23.569363,-46.687409,3
-23.568804,-46.686305,3
-23.56787,-46.684523,3
-23.565707,-46.680442,3
-23.565272,-46.679623,3
-23.565271,-46.679623,3
-23.564719,-46.678583,3
,,
-23.567185,-46.669683,3
-23.567495,-46.669996,3
-23.568104,-46.670647,3
-23.569315,-46.671933,3
,,
-23.57896,-46.497178,3
-23.578971,-46.496789,3
-23.579005,-46.495589,3
-23.579021,-46.495417,3
-23.579086,-46.495097,3
-23.579161,-46.494793,3
-23.579264,-46.494488,3
-23.579368,-46.494243,3
-23.579487,-46.494004,3
-23.579717,-46.493635,3
-23.579929,-46.493357,3
-23.580353,-46.492935,3
-23.580874,-46.49249,3
-23.581552,-46.491947,3
-23.581722,-46.491829,3
-23.582279,-46.491474,3
-23.582417,-46.491371,3
-23.582517,-46.491302,3
,,
-23.629821,-46.736381,3
-23.631348,-46.736688,3
-23.631571,-46.736735,3
-23.631728,-46.736769,3
-23.632433,-46.736921,3
-23.632803,-46.736994,3
-23.633032,-46.737031,3
-23.633815,-46.737047,3
-23.634664,-46.737032,3
-23.63472,-46.737028,3
-23.63478,-46.737008,3
,,
-23.609011,-46.676336,3
-23.609305,-46.676036,3
-23.609331,-46.676017,3
-23.610649,-46.67505,3
-23.610943,-46.674803,3
-23.61118,-46.674542,3
-23.611449,-46.674186,3
-23.611832,-46.67353,3
-23.61201,-46.673164,3
-23.612501,-46.672159,3
-23.612644,-46.671852,3
-23.613523,-46.670118,3
-23.614249,-46.669167,3
,,
